山通番,パレット数,構成
1,3,KVC|2026082101|B3|C15-A-1|581167801100|1|830|313.7402; KVC|2026082101|B7|C15-A-1|581167801100|1|830|313.7402; KVC|2026082101|B7|L12-C-5|537214206090|1|515|194.1301
2,3,KVC|2026082401|B3|C15-A-1|581167801100|1|830|313.7402; KVC|2026082401|B7|C15-A-1|581167801100|1|830|313.7402; KVC|2026082401|B7|L12-D-8|537224207090|1|515|194.1302
3,4,KVC|2026082402|B7|C15-A-1|581167801100|1|830|313.7402; KVC|2026082402|B7|L12-C-5|537214206090|1|515|194.1301; KVC|2026082402|B7|L12-D-8|537224207090|1|515|194.1302; KVC|2026082501|B7|L12-C-5|537214206090|1|515|194.1301
4,3,KVC|2026082403|B3|C15-A-1|581167801100|1|830|313.7402; KVC|2026082403|B7|C15-A-1|581167801100|1|830|313.7402; 高岡|2026082701|K5|C15-A-3|583114214100|1|750|313.7401
5,3,KVC|2026082501|B3|C15-A-1|581167801100|1|830|313.7402; KVC|2026082501|B7|C15-A-1|581167801100|1|830|313.7402; KVC|2026082501|B7|L12-D-8|537224207090|1|515|194.1302
6,3,KVC|2026082601|B3|C15-A-1|581167801100|1|830|313.7402; KVC|2026082601|B7|C15-A-1|581167801100|1|830|313.7402; KVC|2026082601|B7|L12-D-8|537224207090|1|515|194.1302
7,3,日野|2026090909|07|Q10-A-24|631426010000|1|1000|72.916; 高岡|2026082601|K5|C15-A-3|583114214100|1|750|313.7401; 高岡|2026082601|K5|L12-C-5|537214206000|1|515|194.1301
8,3,KVC|2026082701|B3|C15-A-1|581167801100|1|830|313.7402; KVC|2026082701|B7|C12-B-6|582114202000|1|550|346.5; KVC|2026082701|B7|C15-A-1|581167801100|1|830|313.7402
9,3,KVC|2026082801|B3|C15-A-1|581167801100|1|830|313.7402; KVC|2026082801|B7|C15-A-1|581167801100|1|830|313.7402; KVC|2026082801|B7|L12-D-8|537224207090|1|515|194.1302
10,3,高岡|2026082801|K5|C15-A-3|583114214100|1|750|313.7401; 高岡|2026082801|K5|C15-B-5|581164203000|1|830|313.74; 高岡|2026082801|K5|L12-C-5|537214206000|1|515|194.1301
11,1,三栄|2026090801|2P|Q9-A-9|631426010000|1|1000|16.6502
12,3,KVC|2026083101|B3|C15-A-1|581167801100|1|830|313.7402; KVC|2026083101|B7|C15-A-1|581167801100|1|830|313.7402; KVC|2026083101|B7|L12-C-5|537214206090|1|515|194.1301
13,3,高岡|2026083101|K5|C15-A-3|583114214100|1|750|313.7401; 高岡|2026083101|K5|C15-B-5|581164203000|1|830|313.74; 高岡|2026083101|K5|L12-D-8|537224207000|1|515|194.1302
14,3,KVC|2026082407|B3|C15-A-1|581167801100|1|830|313.7402; 高岡|2026090201|K5|C15-A-3|583114214100|1|750|313.7401; 高岡|2026090201|K5|C15-B-5|581164203000|1|830|313.74
15,3,日野|2026090806|07|Q10-A-24|631426010000|1|1000|72.916; 高岡|2026090301|K5|C15-A-3|583114214100|1|750|313.7401; 高岡|2026090301|K5|L12-C-5|537214206000|1|515|194.1301
16,3,KVC|2026082607|B3|C15-A-1|581167801100|1|830|313.7402; 高岡|2026090401|K5|C15-A-3|583114214100|1|750|313.7401; 高岡|2026090401|K5|C15-B-5|581164203000|1|830|313.74
17,3,日野|2026090701|06|Q10-A-11|486226006000|1|750|72.911; 日野|2026090701|06|Q10-A-12|486236006000|1|750|72.912; 日野|2026090701|06|Q10-A-13|486246006000|1|750|72.913
18,2,KVC|2026083105|B7|L12-C-5|537214206090|1|515|194.1301; 日野|2026090701|06|Q10-A-10|486216006000|1|750|72.91
19,3,織機|2026090701|28|C12-B-6|582114202000|1|550|346.5; 織機|2026090701|28|C15-A-3|583114214100|1|750|313.7401; 織機|2026090701|28|C15-A-3|583114214100|1|750|313.7401
20,3,日野|2026090706|07|Q10-A-24|631426010000|1|1000|72.916; 高岡|2026090701|K5|C15-B-5|581164203000|1|830|313.74; 高岡|2026090701|K5|L12-D-8|537224207000|1|515|194.1302
21,4,三栄|2026090704|1P|Q10-E-20|671456020000|21|500|62.111; 三栄|2026090704|1P|Q10-E-21|671466020000|21|500|62.112; 三栄|2026090704|1P|Q10-E-21|671466020000|21|500|62.112; 元町|2026090501|1W|N12-A-21|571111101000|1|800|168.3905
22,3,日野|2026090801|07|Q10-A-24|631426010000|1|1000|72.916; 織機|2026090707|28|C15-A-3|583114214100|1|750|313.7401; 織機|2026090707|28|C15-A-3|583114214100|1|750|313.7401
23,3,三栄|2026091101|2P|Q9-A-9|631426010000|1|1000|16.6502; 日野|2026090709|07|Q10-D-23|617426014000|1|750|62.19; 日野|2026090709|07|Q10-D-23|617426014000|1|750|62.19
24,3,日野|2026090714|07|Q10-B-5|616246010000|1|500|72.907; 日野|2026090714|07|Q10-D-25|617416014000|1|750|62.1901; 高岡|2026091001|K5|C15-A-3|583114214100|1|750|313.7401
25,4,KVC|2026082701|B7|L12-C-5|537214206090|1|515|194.1301; KVC|2026082701|B7|L12-D-8|537224207090|1|515|194.1302; KVC|2026090801|B7|C15-A-1|581167801100|1|830|313.7402; KVC|2026090801|B7|L12-C-5|537214206090|1|515|194.1301
26,3,日野|2026090801|07|Q10-D-23|617426014000|1|750|62.19; 日野|2026090801|07|Q10-D-25|617416014000|1|750|62.1901; 日野|2026091001|07|Q10-A-24|631426010000|1|1000|72.916
27,3,織機|2026090801|28|C12-B-6|582114202000|1|550|346.5; 織機|2026090801|28|C15-A-3|583114214100|1|750|313.7401; 織機|2026090801|28|C15-A-3|583114214100|1|750|313.7401
28,4,日野|2026090803|07|Q10-B-1|617766003000|21|500|72.905; 日野|2026090803|W5|Q10-A-20|671466020000|21|500|72.914; 日野|2026090803|W5|Q10-A-22|671456020000|21|500|72.915; 高岡|2026090101|K5|C15-A-3|583114214100|1|750|313.7401
29,4,KVC|2026090901|B7|C15-B-5|581164203000|1|830|313.74; KVC|2026090901|B7|L12-C-5|537214206090|1|515|194.1301; KVC|2026091402|B7|C12-B-6|582114202000|1|550|346.5; KVC|2026091402|B7|L12-C-5|537214206090|1|515|194.1301
30,2,三栄|2026090901|2P|Q9-A-9|631426010000|1|1000|16.6502; 三栄|2026090901|2P|Q9-A-9|631426010000|1|1000|16.6502
31,3,日野|2026090901|06|Q10-A-12|486236006000|1|750|72.912; 日野|2026090901|06|Q10-A-13|486246006000|1|750|72.913; 日野|2026090901|07|Q10-A-30|631426011000|1|515|72.919
32,3,日野|2026090901|06|Q10-A-10|486216006000|1|750|72.91; 日野|2026090901|06|Q10-A-11|486226006000|1|750|72.911; 日野|2026090901|07|Q10-B-7|616236014000|1|500|72.908
33,2,日野|2026090901|07|Q10-B-5|616246010000|1|500|72.907; 日野|2026090901|07|Q10-D-25|617416014000|1|750|62.1901
34,3,織機|2026090901|28|C15-A-3|583114214100|1|750|313.7401; 織機|2026090901|28|C15-A-3|583114214100|1|750|313.7401; 織機|2026090901|61|C15-A-3|583114214100|1|750|313.7401
35,4,日野|2026090904|07|Q10-B-1|617766003000|21|500|72.905; 日野|2026090904|07|Q10-B-3|617756002000|21|500|72.906; 日野|2026090904|W5|Q10-A-22|671456020000|21|500|72.915; 織機|2026090801|61|C15-A-3|583114214100|1|750|313.7401
36,3,日野|2026090901|07|Q10-A-24|631426010000|1|1000|72.916; 織機|2026090906|28|C15-A-3|583114214100|1|750|313.7401; 織機|2026090906|28|C15-A-3|583114214100|1|750|313.7401
37,4,KVC|2026091001|B3|C15-A-1|581167801100|1|830|313.7402; KVC|2026091001|B7|L12-D-8|537224207090|1|515|194.1302; 日野|2026090709|07|Q10-B-3|617756002000|21|500|72.906; 日野|2026090709|W5|Q10-A-22|671456020000|21|500|72.915
38,3,日野|2026091001|06|Q10-A-11|486226006000|1|750|72.911; 日野|2026091001|06|Q10-A-12|486236006000|1|750|72.912; 日野|2026091001|06|Q10-A-13|486246006000|1|750|72.913
39,4,KVC|2026082801|B7|L12-C-5|537214206090|1|515|194.1301; 日野|2026091001|06|Q10-A-10|486216006000|1|750|72.91; 日野|2026091001|07|Q10-B-5|616246010000|1|500|72.907; 日野|2026091001|07|Q10-B-7|616236014000|1|500|72.908
40,3,日野|2026091001|07|Q10-D-23|617426014000|1|750|62.19; 日野|2026091001|07|Q10-D-25|617416014000|1|750|62.1901; 日野|2026091001|07|Q10-D-25|617416014000|1|750|62.1901
41,3,日野|2026090703|07|Q10-A-24|631426010000|1|1000|72.916; 織機|2026091001|28|C15-A-3|583114214100|1|750|313.7401; 織機|2026091001|28|C15-A-3|583114214100|1|750|313.7401
42,4,元町|2026083101|1W|N12-A-21|571111101000|1|800|168.3905; 日野|2026091005|07|Q10-B-1|617766003000|21|500|72.905; 日野|2026091005|W5|Q10-A-20|671466020000|21|500|72.914; 日野|2026091005|W5|Q10-A-22|671456020000|21|500|72.915
43,3,KVC|2026091101|B3|C15-A-1|581167801100|1|830|313.7402; KVC|2026091101|B7|C15-A-1|581167801100|1|830|313.7402; KVC|2026091101|B7|L12-C-5|537214206090|1|515|194.1301
44,3,日野|2026091101|06|Q10-A-11|486226006000|1|750|72.911; 日野|2026091101|06|Q10-A-13|486246006000|1|750|72.913; 日野|2026091101|07|Q10-B-7|616236014000|1|500|72.908
45,3,日野|2026091101|07|Q10-B-5|616246010000|1|500|72.907; 日野|2026091101|07|Q10-D-23|617426014000|1|750|62.19; 日野|2026091101|07|Q10-D-25|617416014000|1|750|62.1901
46,3,日野|2026091104|07|Q10-A-24|631426010000|1|1000|72.916; 織機|2026091101|28|C15-A-3|583114214100|1|750|313.7401; 織機|2026091101|28|C15-A-3|583114214100|1|750|313.7401
47,4,日野|2026090914|W5|Q10-A-20|671466020000|21|500|72.914; 日野|2026090914|W5|Q10-A-22|671456020000|21|500|72.915; 高岡|2026091101|K5|C15-A-3|583114214100|1|750|313.7401; 高岡|2026091101|K5|L12-D-8|537224207000|1|515|194.1302
48,4,KVC|2026082401|B7|L12-C-5|537214206090|1|515|194.1301; KVC|2026091102|B3|C15-A-1|581167801100|1|830|313.7402; KVC|2026091102|B7|C12-B-6|582114202000|1|550|346.5; KVC|2026091102|B7|L12-D-8|537224207090|1|515|194.1302
49,3,日野|2026091201|06|Q10-A-12|486236006000|1|750|72.912; 日野|2026091201|06|Q10-A-13|486246006000|1|750|72.913; 日野|2026091201|07|Q10-A-30|631426011000|1|515|72.919
50,3,日野|2026091201|06|Q10-A-10|486216006000|1|750|72.91; 日野|2026091201|06|Q10-A-11|486226006000|1|750|72.911; 日野|2026091201|07|Q10-A-7|631436012000|1|515|72.909
51,4,KVC|2026082601|B7|L12-C-5|537214206090|1|515|194.1301; 日野|2026091201|07|Q10-B-5|616246010000|1|500|72.907; 日野|2026091201|07|Q10-B-7|616236014000|1|500|72.908; 日野|2026091201|07|Q10-D-25|617416014000|1|750|62.1901
52,3,日野|2026091201|07|Q10-D-23|617426014000|1|750|62.19; 日野|2026091201|07|Q10-D-23|617426014000|1|750|62.19; 日野|2026091201|07|Q10-D-25|617416014000|1|750|62.1901
53,3,KVC|2026091401|B3|C15-A-1|581167801100|1|830|313.7402; KVC|2026091401|B7|C15-A-1|581167801100|1|830|313.7402; KVC|2026091401|B7|L12-D-8|537224207090|1|515|194.1302
54,1,日野|2026091201|07|Q10-A-24|631426010000|1|1000|72.916
55,3,日野|2026090801|06|Q10-A-11|486226006000|1|750|72.911; 日野|2026090801|07|Q10-B-5|616246010000|1|500|72.907; 日野|2026090801|07|Q10-B-7|616236014000|1|500|72.908
56,2,日野|2026090901|07|Q10-B-23|5831160F1000|5|600|72.918; 日野|2026091001|07|Q10-B-23|5831160F1000|5|600|72.918
57,2,日野|2026091101|07|Q10-B-23|5831160F1000|5|600|72.918; 日野|2026091201|07|Q10-B-23|5831160F1000|5|600|72.918
58,2,日野|2026090801|07|Q10-A-27|5831160F4000|5|600|72.917; 日野|2026091001|07|Q10-A-27|5831160F4000|5|600|72.917
59,1,日野|2026091201|07|Q10-A-27|5831160F4000|5|600|72.917
60,1,元町|2026090401|1W|M12-B-17|572411101000|7|800|168.3902
61,4,三栄|2026090801|2P|Q11-C-A|631496003000|11|600|119.43; 三栄|2026090801|2P|Q11-C-A|631496003000|11|600|119.43; 三栄|2026090801|2P|Q11-C-A|631496003000|11|600|119.43; 三栄|2026090801|2P|Q8-A-A|631486005000|11|600|26.2802
62,2,三栄|2026090801|2P|Q8-A-A|631486005000|11|600|26.2802; 三栄|2026090801|2P|Q8-A-A|631486005000|11|600|26.2802
63,2,日野|2026091201|07|Q10-A-1|631496003000|11|600|72.903; 日野|2026091201|07|Q10-A-3|631486005000|11|600|72.904
64,2,TMK|2026082101|B7|Q9-A-5|551124202000|17|830|16.6501; TMK|2026082402|B7|Q9-A-5|551124202000|17|830|16.6501
65,2,TMK|2026082502|B7|Q9-A-5|551124202000|17|830|16.6501; TMK|2026082601|B7|Q9-A-5|551124202000|17|830|16.6501
66,3,元町|2026082601|1W|N12-A-8|551115010000|17|600|168.3901; 元町|2026090101|1W|C12-B-2|582111190500|17|600|346.501; 高岡|2026082601|K5|Q9-A-5|551124202000|17|830|16.6501
67,2,高岡|2026082801|K5|Q9-A-5|551124202000|17|830|16.6501; 高岡|2026083101|K5|Q9-A-5|551124202000|17|830|16.6501
68,2,高岡|2026090201|K5|Q9-A-5|551124202000|17|830|16.6501; 高岡|2026090301|K5|Q9-A-5|551124202000|17|830|16.6501
69,2,高岡|2026090501|K5|Q9-A-5|551124202000|17|830|16.6501; 高岡|2026090701|K5|Q9-A-5|551124202000|17|830|16.6501
70,2,高岡|2026090801|K5|Q9-A-5|551124202000|17|830|16.6501; 高岡|2026090901|K5|Q9-A-5|551124202000|17|830|16.6501
71,2,高岡|2026091001|K5|Q9-A-5|551124202000|17|830|16.6501; 高岡|2026091101|K5|Q9-A-5|551124202000|17|830|16.6501
72,2,高岡|2026082601|K5|Q9-A-1|551124201000|17|830|16.65; 高岡|2026082601|K5|Q9-A-1|551124201000|17|830|16.65
73,2,高岡|2026082601|K5|Q9-A-1|551124201000|17|830|16.65; 高岡|2026082701|K5|Q9-A-1|551124201000|17|830|16.65
74,2,高岡|2026082701|K5|Q9-A-1|551124201000|17|830|16.65; 高岡|2026082701|K5|Q9-A-1|551124201000|17|830|16.65
75,2,高岡|2026082801|K5|Q9-A-1|551124201000|17|830|16.65; 高岡|2026082801|K5|Q9-A-1|551124201000|17|830|16.65
76,2,高岡|2026083101|K5|Q9-A-1|551124201000|17|830|16.65; 高岡|2026083101|K5|Q9-A-1|551124201000|17|830|16.65
77,2,高岡|2026090101|K5|Q9-A-1|551124201000|17|830|16.65; 高岡|2026090101|K5|Q9-A-1|551124201000|17|830|16.65
78,2,高岡|2026090201|K5|Q9-A-1|551124201000|17|830|16.65; 高岡|2026090201|K5|Q9-A-1|551124201000|17|830|16.65
79,2,高岡|2026090301|K5|Q9-A-1|551124201000|17|830|16.65; 高岡|2026090401|K5|Q9-A-1|551124201000|17|830|16.65
80,2,高岡|2026090401|K5|Q9-A-1|551124201000|17|830|16.65; 高岡|2026090501|K5|Q9-A-1|551124201000|17|830|16.65
81,2,高岡|2026090501|K5|Q9-A-1|551124201000|17|830|16.65; 高岡|2026090701|K5|Q9-A-1|551124201000|17|830|16.65
82,2,高岡|2026090701|K5|Q9-A-1|551124201000|17|830|16.65; 高岡|2026090801|K5|Q9-A-1|551124201000|17|830|16.65
83,2,高岡|2026090801|K5|Q9-A-1|551124201000|17|830|16.65; 高岡|2026090901|K5|Q9-A-1|551124201000|17|830|16.65
84,2,高岡|2026090901|K5|Q9-A-1|551124201000|17|830|16.65; 高岡|2026091001|K5|Q9-A-1|551124201000|17|830|16.65
85,2,高岡|2026091101|K5|Q9-A-1|551124201000|17|830|16.65; 高岡|2026091101|K5|Q9-A-1|551124201000|17|830|16.65
86,2,織機|2026090701|21|Q9-A-5|551124202000|17|830|16.6501; 織機|2026090901|21|Q9-A-5|551124202000|17|830|16.6501
87,2,織機|2026090801|61|Q9-A-5|551124202000|17|830|16.6501; 織機|2026091001|21|Q9-A-5|551124202000|17|830|16.6501
88,2,織機|2026090901|61|Q9-A-5|551124202000|17|830|16.6501; 織機|2026091001|61|Q9-A-5|551124202000|17|830|16.6501
89,2,織機|2026090701|21|Q9-A-1|551124201000|17|830|16.65; 織機|2026091101|61|Q9-A-5|551124202000|17|830|16.6501
90,2,織機|2026090701|21|Q9-A-1|551124201000|17|830|16.65; 織機|2026090801|21|Q9-A-1|551124201000|17|830|16.65
91,2,織機|2026090801|21|Q9-A-1|551124201000|17|830|16.65; 織機|2026090901|21|Q9-A-1|551124201000|17|830|16.65
92,2,織機|2026091001|21|Q9-A-1|551124201000|17|830|16.65; 織機|2026091001|21|Q9-A-1|551124201000|17|830|16.65
93,2,織機|2026090901|61|Q9-A-1|551124201000|17|830|16.65; 織機|2026091101|21|Q9-A-1|551124201000|17|830|16.65
94,1,織機|2026091101|61|Q9-A-1|551124201000|17|830|16.65
95,2,元町|2026091001|9P|J12-B-14|538115019000|18|1050|227.7; 元町|2026091001|9P|J12-B-16|538125020000|18|1050|227.701
96,4,日野|2026090801|07|Q10-B-1|617766003000|21|500|72.905; 日野|2026090801|07|Q10-B-3|617756002000|21|500|72.906; 日野|2026090801|07|Q10-B-A|617766004000|21|500|72.9; 日野|2026090801|W5|Q10-A-22|671456020000|21|500|72.915
97,4,日野|2026090901|07|Q10-B-1|617766003000|21|500|72.905; 日野|2026090901|07|Q10-B-3|617756002000|21|500|72.906; 日野|2026090901|W5|Q10-A-20|671466020000|21|500|72.914; 日野|2026090901|W5|Q10-A-22|671456020000|21|500|72.915
98,3,日野|2026091001|07|Q10-B-1|617766003000|21|500|72.905; 日野|2026091001|07|Q10-B-3|617756002000|21|500|72.906; 日野|2026091001|W5|Q10-A-22|671456020000|21|500|72.915
99,4,日野|2026091201|07|Q10-B-1|617766003000|21|500|72.905; 日野|2026091201|07|Q10-B-3|617756002000|21|500|72.906; 日野|2026091201|W5|Q10-A-20|671466020000|21|500|72.914; 日野|2026091201|W5|Q10-A-22|671456020000|21|500|72.915
100,2,日野|2026091201|07|Q10-B-A|617766004000|21|500|72.9; 日野|2026091201|07|Q10-B-B|617756003000|21|500|72.901
101,3,三栄|2026090701|1P|Q10-E-20|671456020000|21|500|62.111; 三栄|2026090701|1P|Q10-E-20|671456020000|21|500|62.111; 三栄|2026090701|1P|Q10-E-21|671466020000|21|500|62.112
102,2,日野|2026091101|07|Q10-B-3|617756002000|21|500|72.906; 日野|2026091101|W5|Q10-A-20|671466020000|21|500|72.914
103,3,KVC|2026082102|B3|C15-A-1|581167801100|1|830|313.7402; KVC|2026082102|B7|C15-A-1|581167801100|1|830|313.7402; KVC|2026082102|B7|L12-D-8|537224207090|1|515|194.1302
104,3,KVC|2026082502|B3|C15-A-1|581167801100|1|830|313.7402; KVC|2026082502|B7|C15-A-1|581167801100|1|830|313.7402; KVC|2026082502|B7|L12-D-8|537224207090|1|515|194.1302
105,3,KVC|2026082602|B3|C15-A-1|581167801100|1|830|313.7402; KVC|2026082602|B7|C12-B-6|582114202000|1|550|346.5; KVC|2026082602|B7|C15-A-1|581167801100|1|830|313.7402
106,2,KVC|2026082602|B7|C15-B-5|581164203000|1|830|313.74; KVC|2026082602|B7|L12-C-5|537214206090|1|515|194.1301
107,3,高岡|2026082602|K5|C15-A-3|583114214100|1|750|313.7401; 高岡|2026082602|K5|C15-B-5|581164203000|1|830|313.74; 高岡|2026082602|K5|L12-D-8|537224207000|1|515|194.1302
108,3,KVC|2026082702|B3|C15-A-1|581167801100|1|830|313.7402; KVC|2026082702|B7|C15-A-1|581167801100|1|830|313.7402; KVC|2026082702|B7|L12-C-5|537214206090|1|515|194.1301
109,3,高岡|2026082702|K5|C15-A-3|583114214100|1|750|313.7401; 高岡|2026082702|K5|C15-A-3|583114214100|1|750|313.7401; 高岡|2026082702|K5|C15-B-5|581164203000|1|830|313.74
110,3,KVC|2026082802|B3|C15-A-1|581167801100|1|830|313.7402; KVC|2026082802|B7|C15-A-1|581167801100|1|830|313.7402; KVC|2026082802|B7|L12-C-5|537214206090|1|515|194.1301
111,2,高岡|2026082802|K5|C15-A-3|583114214100|1|750|313.7401; 高岡|2026082802|K5|L12-D-8|537224207000|1|515|194.1302
112,2,KVC|2026083102|B7|C15-A-1|581167801100|1|830|313.7402; KVC|2026083102|B7|L12-D-8|537224207090|1|515|194.1302
113,1,高岡|2026083102|K5|C15-A-3|583114214100|1|750|313.7401
114,3,日野|2026091202|07|Q10-A-24|631426010000|1|1000|72.916; 高岡|2026083105|K5|C15-B-5|581164203000|1|830|313.74; 高岡|2026083105|K5|L12-D-8|537224207000|1|515|194.1302
115,1,高岡|2026090102|K5|C15-A-3|583114214100|1|750|313.7401
116,2,高岡|2026090202|K5|C15-A-3|583114214100|1|750|313.7401; 高岡|2026090202|K5|L12-C-5|537214206000|1|515|194.1301
117,2,高岡|2026090302|K5|C15-B-5|581164203000|1|830|313.74; 高岡|2026090302|K5|L12-D-8|537224207000|1|515|194.1302
118,4,日野|2026091202|W5|Q10-A-20|671466020000|21|500|72.914; 日野|2026091202|W5|Q10-A-22|671456020000|21|500|72.915; 高岡|2026090305|K5|C15-A-3|583114214100|1|750|313.7401; 高岡|2026090305|K5|L12-D-8|537224207000|1|515|194.1302
119,1,高岡|2026090502|K5|C15-A-3|583114214100|1|750|313.7401
120,4,三栄|2026090702|1P|Q10-E-20|671456020000|21|500|62.111; 三栄|2026090702|1P|Q10-E-21|671466020000|21|500|62.112; 三栄|2026090702|1P|Q10-E-21|671466020000|21|500|62.112; 元町|2026090703|1W|N12-A-19|571121101000|1|800|168.3904
121,3,日野|2026090702|06|Q10-A-10|486216006000|1|750|72.91; 日野|2026090702|06|Q10-A-11|486226006000|1|750|72.911; 日野|2026090702|07|Q10-B-7|616236014000|1|500|72.908
122,3,日野|2026090702|07|Q10-B-5|616246010000|1|500|72.907; 日野|2026090702|07|Q10-D-25|617416014000|1|750|62.1901; 日野|2026090702|07|Q10-D-25|617416014000|1|750|62.1901
123,3,織機|2026090702|28|C15-A-3|583114214100|1|750|313.7401; 織機|2026090702|28|C15-A-3|583114214100|1|750|313.7401; 織機|2026090702|61|C15-A-3|583114214100|1|750|313.7401
124,1,高岡|2026090702|K5|C15-A-3|583114214100|1|750|313.7401
125,3,日野|2026090902|07|Q10-A-24|631426010000|1|1000|72.916; 高岡|2026090705|K5|C15-A-3|583114214100|1|750|313.7401; 高岡|2026090705|K5|L12-D-8|537224207000|1|515|194.1302
126,1,KVC|2026082502|B7|L12-C-5|537214206090|1|515|194.1301
127,1,KVC|2026090802|B7|L12-D-8|537224207090|1|515|194.1302
128,3,日野|2026090802|06|Q10-A-10|486216006000|1|750|72.91; 日野|2026090802|06|Q10-A-12|486236006000|1|750|72.912; 日野|2026090802|06|Q10-A-13|486246006000|1|750|72.913
129,3,日野|2026090802|07|Q10-B-5|616246010000|1|500|72.907; 日野|2026090802|07|Q10-D-25|617416014000|1|750|62.1901; 日野|2026090802|07|Q10-D-25|617416014000|1|750|62.1901
130,2,日野|2026090802|07|Q10-D-23|617426014000|1|750|62.19; 日野|2026090802|W5|Q10-A-20|671466020000|21|500|72.914
131,3,日野|2026091007|07|Q10-A-24|631426010000|1|1000|72.916; 織機|2026090802|28|C15-A-3|583114214100|1|750|313.7401; 織機|2026090802|28|C15-A-3|583114214100|1|750|313.7401
132,2,高岡|2026090802|K5|C15-A-3|583114214100|1|750|313.7401; 高岡|2026090802|K5|C15-B-5|581164203000|1|830|313.74
133,3,KVC|2026090902|B3|C15-A-1|581167801100|1|830|313.7402; KVC|2026090902|B7|C15-A-1|581167801100|1|830|313.7402; KVC|2026090902|B7|L12-D-8|537224207090|1|515|194.1302
134,3,日野|2026090902|06|Q10-A-11|486226006000|1|750|72.911; 日野|2026090902|06|Q10-A-13|486246006000|1|750|72.913; 日野|2026090902|07|Q10-B-7|616236014000|1|500|72.908
135,3,日野|2026090902|07|Q10-B-5|616246010000|1|500|72.907; 日野|2026090902|07|Q10-D-23|617426014000|1|750|62.19; 日野|2026090902|07|Q10-D-25|617416014000|1|750|62.1901
136,3,日野|2026091207|07|Q10-D-23|617426014000|1|750|62.19; 織機|2026090902|28|C15-A-3|583114214100|1|750|313.7401; 織機|2026090902|28|C15-A-3|583114214100|1|750|313.7401
137,2,高岡|2026090902|K5|C15-A-3|583114214100|1|750|313.7401; 高岡|2026090902|K5|L12-C-5|537214206000|1|515|194.1301
138,2,KVC|2026091002|B7|C15-A-1|581167801100|1|830|313.7402; KVC|2026091002|B7|L12-C-5|537214206090|1|515|194.1301
139,3,日野|2026091002|06|Q10-A-10|486216006000|1|750|72.91; 日野|2026091002|06|Q10-A-12|486236006000|1|750|72.912; 日野|2026091002|07|Q10-B-7|616236014000|1|500|72.908
140,3,日野|2026091002|07|Q10-B-5|616246010000|1|500|72.907; 日野|2026091002|07|Q10-D-23|617426014000|1|750|62.19; 日野|2026091002|07|Q10-D-25|617416014000|1|750|62.1901
141,3,日野|2026091207|07|Q10-A-24|631426010000|1|1000|72.916; 織機|2026091002|28|C15-A-3|583114214100|1|750|313.7401; 織機|2026091002|61|C15-A-3|583114214100|1|750|313.7401
142,3,高岡|2026091002|K5|C15-A-3|583114214100|1|750|313.7401; 高岡|2026091002|K5|C15-B-5|581164203000|1|830|313.74; 高岡|2026091002|K5|L12-D-8|537224207000|1|515|194.1302
143,1,高岡|2026091002|K5|L12-C-5|537214206000|1|515|194.1301
144,3,日野|2026091002|07|Q10-A-24|631426010000|1|1000|72.916; 高岡|2026091005|K5|C15-B-5|581164203000|1|830|313.74; 高岡|2026091005|K5|L12-C-5|537214206000|1|515|194.1301
145,3,日野|2026090802|07|Q10-A-24|631426010000|1|1000|72.916; 織機|2026091007|28|C15-A-3|583114214100|1|750|313.7401; 織機|2026091007|28|C15-A-3|583114214100|1|750|313.7401
146,3,日野|2026091102|06|Q10-A-10|486216006000|1|750|72.91; 日野|2026091102|06|Q10-A-12|486236006000|1|750|72.912; 日野|2026091102|07|Q10-B-7|616236014000|1|500|72.908
147,3,日野|2026091102|07|Q10-B-5|616246010000|1|500|72.907; 日野|2026091102|07|Q10-D-23|617426014000|1|750|62.19; 日野|2026091102|07|Q10-D-25|617416014000|1|750|62.1901
148,3,日野|2026090702|07|Q10-D-23|617426014000|1|750|62.19; 日野|2026091102|07|Q10-D-23|617426014000|1|750|62.19; 高岡|2026090205|K5|C15-A-3|583114214100|1|750|313.7401
149,4,日野|2026091102|07|Q10-B-1|617766003000|21|500|72.905; 日野|2026091102|W5|Q10-A-20|671466020000|21|500|72.914; 日野|2026091102|W5|Q10-A-22|671456020000|21|500|72.915; 高岡|2026090105|K5|C15-A-3|583114214100|1|750|313.7401
150,3,織機|2026091102|28|C15-A-3|583114214100|1|750|313.7401; 織機|2026091102|28|C15-A-3|583114214100|1|750|313.7401; 織機|2026091102|61|C15-A-3|583114214100|1|750|313.7401
151,1,元町|2026082702|1W|N12-A-19|571121101000|1|800|168.3904
152,3,日野|2026091202|06|Q10-A-11|486226006000|1|750|72.911; 日野|2026091202|06|Q10-A-12|486236006000|1|750|72.912; 日野|2026091202|06|Q10-A-13|486246006000|1|750|72.913
153,3,日野|2026091202|06|Q10-A-10|486216006000|1|750|72.91; 日野|2026091202|07|Q10-B-5|616246010000|1|500|72.907; 日野|2026091202|07|Q10-B-7|616236014000|1|500|72.908
154,3,日野|2026090702|07|Q10-A-24|631426010000|1|1000|72.916; 日野|2026091202|07|Q10-D-23|617426014000|1|750|62.19; 日野|2026091202|07|Q10-D-25|617416014000|1|750|62.1901
155,1,元町|2026090702|1W|N12-B-1|537141101000|1|515|153.54
156,1,元町|2026091002|1W|N12-A-19|571121101000|1|800|168.3904
157,1,元町|2026090302|1W|N12-A-19|571121101000|1|800|168.3904
158,2,日野|2026090702|07|Q10-B-23|5831160F1000|5|600|72.918; 日野|2026090802|07|Q10-B-23|5831160F1000|5|600|72.918
159,2,日野|2026090902|07|Q10-A-27|5831160F4000|5|600|72.917; 日野|2026091202|07|Q10-B-23|5831160F1000|5|600|72.918
160,2,日野|2026091102|07|Q10-A-27|5831160F4000|5|600|72.917; 日野|2026091202|07|Q10-A-27|5831160F4000|5|600|72.917
161,2,日野|2026091102|07|Q10-A-1|631496003000|11|600|72.903; 日野|2026091102|07|Q10-A-3|631486005000|11|600|72.904
162,2,織機|2026090702|21|Q9-A-5|551124202000|17|830|16.6501; 織機|2026090802|21|Q9-A-5|551124202000|17|830|16.6501
163,2,織機|2026090902|21|Q9-A-5|551124202000|17|830|16.6501; 織機|2026091102|21|Q9-A-5|551124202000|17|830|16.6501
164,2,織機|2026090702|21|Q9-A-1|551124201000|17|830|16.65; 織機|2026090702|61|Q9-A-5|551124202000|17|830|16.6501
165,2,織機|2026090802|21|Q9-A-1|551124201000|17|830|16.65; 織機|2026090902|21|Q9-A-1|551124201000|17|830|16.65
166,2,織機|2026091002|21|Q9-A-1|551124201000|17|830|16.65; 織機|2026091102|21|Q9-A-1|551124201000|17|830|16.65
167,2,織機|2026090702|61|Q9-A-1|551124201000|17|830|16.65; 織機|2026090802|61|Q9-A-1|551124201000|17|830|16.65
168,1,織機|2026091002|61|Q9-A-1|551124201000|17|830|16.65
169,2,高岡|2026082602|K5|Q9-A-5|551124202000|17|830|16.6501; 高岡|2026082702|K5|Q9-A-5|551124202000|17|830|16.6501
170,2,高岡|2026090102|K5|Q9-A-5|551124202000|17|830|16.6501; 高岡|2026090402|K5|Q9-A-5|551124202000|17|830|16.6501
171,2,高岡|2026090802|K5|Q9-A-5|551124202000|17|830|16.6501; 高岡|2026091002|K5|Q9-A-5|551124202000|17|830|16.6501
172,2,TMK|2026082702|B7|Q9-A-5|551124202000|17|830|16.6501; TMK|2026083102|B7|Q9-A-5|551124202000|17|830|16.6501
173,2,高岡|2026082602|K5|Q9-A-1|551124201000|17|830|16.65; 高岡|2026082602|K5|Q9-A-1|551124201000|17|830|16.65
174,2,高岡|2026082702|K5|Q9-A-1|551124201000|17|830|16.65; 高岡|2026082702|K5|Q9-A-1|551124201000|17|830|16.65
175,2,高岡|2026082802|K5|Q9-A-1|551124201000|17|830|16.65; 高岡|2026082802|K5|Q9-A-1|551124201000|17|830|16.65
176,2,高岡|2026083102|K5|Q9-A-1|551124201000|17|830|16.65; 高岡|2026090102|K5|Q9-A-1|551124201000|17|830|16.65
177,2,高岡|2026090102|K5|Q9-A-1|551124201000|17|830|16.65; 高岡|2026090202|K5|Q9-A-1|551124201000|17|830|16.65
178,2,高岡|2026090302|K5|Q9-A-1|551124201000|17|830|16.65; 高岡|2026090302|K5|Q9-A-1|551124201000|17|830|16.65
179,2,高岡|2026090402|K5|Q9-A-1|551124201000|17|830|16.65; 高岡|2026090402|K5|Q9-A-1|551124201000|17|830|16.65
180,2,高岡|2026090502|K5|Q9-A-1|551124201000|17|830|16.65; 高岡|2026090702|K5|Q9-A-1|551124201000|17|830|16.65
181,2,高岡|2026090702|K5|Q9-A-1|551124201000|17|830|16.65; 高岡|2026090802|K5|Q9-A-1|551124201000|17|830|16.65
182,2,高岡|2026090902|K5|Q9-A-1|551124201000|17|830|16.65; 高岡|2026090902|K5|Q9-A-1|551124201000|17|830|16.65
183,2,高岡|2026091002|K5|Q9-A-1|551124201000|17|830|16.65; 高岡|2026091002|K5|Q9-A-1|551124201000|17|830|16.65
184,1,元町|2026090302|1W|N12-A-8|551115010000|17|600|168.3901
185,1,元町|2026090702|1W|Q10-F-7|576525091400|19|670|62.109
186,2,元町|2026090302|1W|I12-B-5|616415003000|20|600|238.6801; 元町|2026090302|1W|I12-B-5|616455005000|20|600|238.6801
187,4,日野|2026090702|07|Q10-B-3|617756002000|21|500|72.906; 日野|2026090702|W5|Q10-A-20|671466020000|21|500|72.914; 日野|2026090702|W5|Q10-A-22|671456020000|21|500|72.915; 日野|2026090702|W5|Q10-A-22|671456020000|21|500|72.915
188,3,日野|2026090702|07|Q10-B-A|617766004000|21|500|72.9; 日野|2026090902|W5|Q10-A-20|671466020000|21|500|72.914; 日野|2026091002|W5|Q10-A-20|671466020000|21|500|72.914
189,4,KVC|2026082103|B7|C15-A-1|581167801100|1|830|313.7402; KVC|2026082103|B7|L12-C-5|537214206090|1|515|194.1301; KVC|2026082103|B7|L12-D-8|537224207090|1|515|194.1302; KVC|2026082703|B7|L12-C-5|537214206090|1|515|194.1301
190,3,KVC|2026082403|B7|C15-B-5|581164203000|1|830|313.74; KVC|2026082403|B7|L12-C-5|537214206090|1|515|194.1301; KVC|2026082403|B7|L12-D-8|537224207090|1|515|194.1302
191,1,高岡|2026083103|K5|C15-A-3|583114214100|1|750|313.7401
192,3,KVC|2026082503|B3|C15-A-1|581167801100|1|830|313.7402; KVC|2026082503|B7|C12-B-6|582114202000|1|550|346.5; KVC|2026082503|B7|C15-A-1|581167801100|1|830|313.7402
193,2,KVC|2026082603|B7|C15-A-1|581167801100|1|830|313.7402; KVC|2026082603|B7|L12-D-8|537224207090|1|515|194.1302
194,3,KVC|2026082703|B3|C15-A-1|581167801100|1|830|313.7402; KVC|2026082703|B7|C15-A-1|581167801100|1|830|313.7402; KVC|2026082703|B7|L12-D-8|537224207090|1|515|194.1302
195,3,高岡|2026082703|K5|C15-A-3|583114214100|1|750|313.7401; 高岡|2026082703|K5|L12-C-5|537214206000|1|515|194.1301; 高岡|2026082703|K5|L12-D-8|537224207000|1|515|194.1302
196,3,KVC|2026082803|B3|C15-A-1|581167801100|1|830|313.7402; KVC|2026082803|B7|C15-A-1|581167801100|1|830|313.7402; KVC|2026082803|B7|L12-D-8|537224207090|1|515|194.1302
197,3,KVC|2026083103|B3|C15-A-1|581167801100|1|830|313.7402; KVC|2026083103|B7|C15-A-1|581167801100|1|830|313.7402; KVC|2026083103|B7|L12-D-8|537224207090|1|515|194.1302
198,3,元町|2026090103|1W|L12-A-5|571165008000|1|800|204.3; 元町|2026090103|1W|L12-D-1|571155008000|1|800|194.13; 元町|2026090103|1W|N12-B-1|537141101000|1|515|153.54
199,3,日野|2026091010|07|Q10-A-24|631426010000|1|1000|72.916; 高岡|2026090203|K5|C15-A-3|583114214100|1|750|313.7401; 高岡|2026090203|K5|L12-D-8|537224207000|1|515|194.1302
200,4,日野|2026090909|W5|Q10-A-20|671466020000|21|500|72.914; 日野|2026090909|W5|Q10-A-22|671456020000|21|500|72.915; 高岡|2026090503|K5|C15-A-3|583114214100|1|750|313.7401; 高岡|2026090503|K5|L12-C-5|537214206000|1|515|194.1301
201,4,三栄|2026090703|1P|Q10-E-20|671456020000|21|500|62.111; 三栄|2026090703|1P|Q10-E-20|671456020000|21|500|62.111; 三栄|2026090703|1P|Q10-E-21|671466020000|21|500|62.112; 元町|2026090403|1W|L12-D-1|571155008000|1|800|194.13
202,3,日野|2026090703|06|Q10-A-12|486236006000|1|750|72.912; 日野|2026090703|06|Q10-A-13|486246006000|1|750|72.913; 日野|2026090703|07|Q10-B-5|616246010000|1|500|72.907
203,1,織機|2026090703|28|C15-A-3|583114214100|1|750|313.7401
204,2,KVC|2026082803|B7|L12-C-5|537214206090|1|515|194.1301; 日野|2026090711|07|Q10-D-23|617426014000|1|750|62.19
205,4,KVC|2026082404|B7|L12-C-5|537214206090|1|515|194.1301; KVC|2026082404|B7|L12-D-8|537224207090|1|515|194.1302; KVC|2026090803|B7|C15-A-1|581167801100|1|830|313.7402; KVC|2026090803|B7|L12-C-5|537214206090|1|515|194.1301
206,3,日野|2026090803|07|Q10-A-24|631426010000|1|1000|72.916; 日野|2026090903|07|Q10-D-23|617426014000|1|750|62.19; 日野|2026091003|07|Q10-D-23|617426014000|1|750|62.19
207,3,日野|2026090803|06|Q10-A-12|486236006000|1|750|72.912; 日野|2026090803|07|Q10-D-23|617426014000|1|750|62.19; 日野|2026091203|07|Q10-A-24|631426010000|1|1000|72.916
208,3,織機|2026090803|28|C15-A-3|583114214100|1|750|313.7401; 織機|2026090803|28|C15-A-3|583114214100|1|750|313.7401; 織機|2026090803|61|C15-A-3|583114214100|1|750|313.7401
209,3,日野|2026091009|07|Q10-A-24|631426010000|1|1000|72.916; 高岡|2026090803|K5|C15-A-3|583114214100|1|750|313.7401; 高岡|2026090803|K5|L12-C-5|537214206000|1|515|194.1301
210,1,KVC|2026090903|B3|C15-A-1|581167801100|1|830|313.7402
211,3,日野|2026090809|07|Q10-D-23|617426014000|1|750|62.19; 高岡|2026090703|K5|C15-A-3|583114214100|1|750|313.7401; 高岡|2026091003|K5|C15-A-3|583114214100|1|750|313.7401
212,3,日野|2026090810|07|Q10-A-7|631436012000|1|515|72.909; 日野|2026090810|07|Q10-D-23|617426014000|1|750|62.19; 高岡|2026090303|K5|C15-A-3|583114214100|1|750|313.7401
213,4,日野|2026090811|07|Q10-B-3|617756002000|21|500|72.906; 日野|2026090811|W5|Q10-A-20|671466020000|21|500|72.914; 日野|2026090811|W5|Q10-A-22|671456020000|21|500|72.915; 高岡|2026090403|K5|C15-A-3|583114214100|1|750|313.7401
214,3,元町|2026090903|1W|L12-A-5|571165008000|1|800|204.3; 元町|2026090903|1W|L12-D-1|571155008000|1|800|194.13; 元町|2026090903|1W|N12-A-21|571111101000|1|800|168.3905
215,3,日野|2026090903|06|Q10-A-10|486216006000|1|750|72.91; 日野|2026090903|06|Q10-A-12|486236006000|1|750|72.912; 日野|2026090903|07|Q10-D-25|617416014000|1|750|62.1901
216,2,織機|2026090903|28|C15-A-3|583114214100|1|750|313.7401; 織機|2026090903|61|C15-A-3|583114214100|1|750|313.7401
217,2,高岡|2026090903|K5|C15-A-3|583114214100|1|750|313.7401; 高岡|2026090903|K5|L12-D-8|537224207000|1|515|194.1302
218,4,KVC|2026082503|B7|L12-C-5|537214206090|1|515|194.1301; KVC|2026082503|B7|L12-D-8|537224207090|1|515|194.1302; KVC|2026090906|B3|C15-A-1|581167801100|1|830|313.7402; KVC|2026090906|B7|L12-C-5|537214206090|1|515|194.1301
219,4,KVC|2026082604|B7|L12-C-5|537214206090|1|515|194.1301; KVC|2026091003|B3|C15-A-1|581167801100|1|830|313.7402; KVC|2026091003|B7|C12-B-6|582114202000|1|550|346.5; KVC|2026091003|B7|L12-D-8|537224207090|1|515|194.1302
220,3,日野|2026091003|06|Q10-A-11|486226006000|1|750|72.911; 日野|2026091003|06|Q10-A-13|486246006000|1|750|72.913; 日野|2026091003|07|Q10-D-25|617416014000|1|750|62.1901
221,2,織機|2026091003|28|C15-A-3|583114214100|1|750|313.7401; 織機|2026091003|28|C15-A-3|583114214100|1|750|313.7401
222,2,KVC|2026083103|B7|L12-C-5|537214206090|1|515|194.1301; 元町|2026090804|1W|N12-B-3|537131101000|1|515|153.5401
223,2,KVC|2026091103|B7|C15-A-1|581167801100|1|830|313.7402; KVC|2026091103|B7|L12-C-5|537214206090|1|515|194.1301
224,2,日野|2026091103|07|Q10-A-24|631426010000|1|1000|72.916; 日野|2026091103|07|Q10-A-24|631426010000|1|1000|72.916
225,3,日野|2026091103|06|Q10-A-11|486226006000|1|750|72.911; 日野|2026091103|06|Q10-A-12|486236006000|1|750|72.912; 日野|2026091103|06|Q10-A-13|486246006000|1|750|72.913
226,1,日野|2026091103|07|Q10-D-25|617416014000|1|750|62.1901
227,4,日野|2026091103|07|Q10-B-3|617756002000|21|500|72.906; 日野|2026091103|W5|Q10-A-20|671466020000|21|500|72.914; 日野|2026091103|W5|Q10-A-22|671456020000|21|500|72.915; 織機|2026090708|28|C15-A-3|583114214100|1|750|313.7401
228,4,KVC|2026091109|B7|C15-A-1|581167801100|1|830|313.7402; KVC|2026091109|B7|L12-D-8|537224207090|1|515|194.1302; 日野|2026090703|07|Q10-B-1|617766003000|21|500|72.905; 日野|2026090703|W5|Q10-A-20|671466020000|21|500|72.914
229,3,日野|2026091203|06|Q10-A-11|486226006000|1|750|72.911; 日野|2026091203|06|Q10-A-12|486236006000|1|750|72.912; 日野|2026091203|06|Q10-A-13|486246006000|1|750|72.913
230,3,日野|2026091203|06|Q10-A-10|486216006000|1|750|72.91; 日野|2026091203|07|Q10-D-23|617426014000|1|750|62.19; 日野|2026091203|07|Q10-D-25|617416014000|1|750|62.1901
231,3,KVC|2026091403|B3|C15-A-1|581167801100|1|830|313.7402; KVC|2026091403|B7|C15-A-1|581167801100|1|830|313.7402; KVC|2026091403|B7|L12-D-8|537224207090|1|515|194.1302
232,2,元町|2026082703|1W|L12-A-5|571165008000|1|800|204.3; 元町|2026082703|1W|L12-D-1|571155008000|1|800|194.13
233,2,高岡|2026082803|K5|C15-A-3|583114214100|1|750|313.7401; 高岡|2026082803|K5|C15-B-5|581164203000|1|830|313.74
234,2,高岡|2026090103|K5|C15-A-3|583114214100|1|750|313.7401; 高岡|2026090103|K5|C15-B-5|581164203000|1|830|313.74
235,1,高岡|2026082603|K5|C15-A-3|583114214100|1|750|313.7401
236,2,日野|2026091003|07|Q10-B-23|5831160F1000|5|600|72.918; 日野|2026091103|07|Q10-B-23|5831160F1000|5|600|72.918
237,2,日野|2026090703|07|Q10-A-27|5831160F4000|5|600|72.917; 日野|2026090803|07|Q10-A-27|5831160F4000|5|600|72.917
238,1,日野|2026091003|07|Q10-A-27|5831160F4000|5|600|72.917
239,3,元町|2026082703|1W|M12-B-17|572411101000|7|800|168.3902; 元町|2026082703|1W|M12-B-21|572425003000|7|800|168.3903; 元町|2026090103|1W|L12-B-26|572421101000|7|800|182.97
240,1,元町|2026091003|1W|M12-B-17|572411101000|7|800|168.3902
241,2,織機|2026090803|21|Q9-A-5|551124202000|17|830|16.6501; 織機|2026091003|21|Q9-A-5|551124202000|17|830|16.6501
242,2,織機|2026090803|61|Q9-A-5|551124202000|17|830|16.6501; 織機|2026091103|21|Q9-A-5|551124202000|17|830|16.6501
243,2,織機|2026090903|61|Q9-A-5|551124202000|17|830|16.6501; 織機|2026091003|61|Q9-A-5|551124202000|17|830|16.6501
244,2,織機|2026090703|21|Q9-A-1|551124201000|17|830|16.65; 織機|2026090803|21|Q9-A-1|551124201000|17|830|16.65
245,2,織機|2026090903|21|Q9-A-1|551124201000|17|830|16.65; 織機|2026090903|21|Q9-A-1|551124201000|17|830|16.65
246,2,織機|2026091003|21|Q9-A-1|551124201000|17|830|16.65; 織機|2026091103|21|Q9-A-1|551124201000|17|830|16.65
247,2,織機|2026090803|61|Q9-A-1|551124201000|17|830|16.65; 織機|2026091103|21|Q9-A-1|551124201000|17|830|16.65
248,1,織機|2026090903|61|Q9-A-1|551124201000|17|830|16.65
249,2,高岡|2026082603|K5|Q9-A-5|551124202000|17|830|16.6501; 高岡|2026082703|K5|Q9-A-5|551124202000|17|830|16.6501
250,2,高岡|2026082803|K5|Q9-A-5|551124202000|17|830|16.6501; 高岡|2026083103|K5|Q9-A-5|551124202000|17|830|16.6501
251,2,高岡|2026090203|K5|Q9-A-5|551124202000|17|830|16.6501; 高岡|2026090303|K5|Q9-A-5|551124202000|17|830|16.6501
252,2,高岡|2026090703|K5|Q9-A-5|551124202000|17|830|16.6501; 高岡|2026090803|K5|Q9-A-5|551124202000|17|830|16.6501
253,2,高岡|2026090903|K5|Q9-A-5|551124202000|17|830|16.6501; 高岡|2026091003|K5|Q9-A-5|551124202000|17|830|16.6501
254,2,TMK|2026082103|B7|Q9-A-5|551124202000|17|830|16.6501; TMK|2026082404|B7|Q9-A-5|551124202000|17|830|16.6501
255,2,TMK|2026082603|B7|Q9-A-5|551124202000|17|830|16.6501; TMK|2026082704|B7|Q9-A-5|551124202000|17|830|16.6501
256,2,TMK|2026082803|B7|Q9-A-5|551124202000|17|830|16.6501; TMK|2026090804|B7|Q9-A-5|551124202000|17|830|16.6501
257,2,TMK|2026091104|B7|Q9-A-5|551124202000|17|830|16.6501; 高岡|2026082603|K5|Q9-A-1|551124201000|17|830|16.65
258,2,高岡|2026082603|K5|Q9-A-1|551124201000|17|830|16.65; 高岡|2026082703|K5|Q9-A-1|551124201000|17|830|16.65
259,2,高岡|2026082703|K5|Q9-A-1|551124201000|17|830|16.65; 高岡|2026082803|K5|Q9-A-1|551124201000|17|830|16.65
260,2,高岡|2026082803|K5|Q9-A-1|551124201000|17|830|16.65; 高岡|2026082803|K5|Q9-A-1|551124201000|17|830|16.65
261,2,高岡|2026083103|K5|Q9-A-1|551124201000|17|830|16.65; 高岡|2026083103|K5|Q9-A-1|551124201000|17|830|16.65
262,2,高岡|2026090103|K5|Q9-A-1|551124201000|17|830|16.65; 高岡|2026090103|K5|Q9-A-1|551124201000|17|830|16.65
263,2,高岡|2026090203|K5|Q9-A-1|551124201000|17|830|16.65; 高岡|2026090203|K5|Q9-A-1|551124201000|17|830|16.65
264,2,高岡|2026090303|K5|Q9-A-1|551124201000|17|830|16.65; 高岡|2026090303|K5|Q9-A-1|551124201000|17|830|16.65
265,2,高岡|2026090403|K5|Q9-A-1|551124201000|17|830|16.65; 高岡|2026090503|K5|Q9-A-1|551124201000|17|830|16.65
266,2,高岡|2026090703|K5|Q9-A-1|551124201000|17|830|16.65; 高岡|2026090703|K5|Q9-A-1|551124201000|17|830|16.65
267,2,高岡|2026090803|K5|Q9-A-1|551124201000|17|830|16.65; 高岡|2026090803|K5|Q9-A-1|551124201000|17|830|16.65
268,2,高岡|2026090903|K5|Q9-A-1|551124201000|17|830|16.65; 高岡|2026091003|K5|Q9-A-1|551124201000|17|830|16.65
269,1,高岡|2026091003|K5|Q9-A-1|551124201000|17|830|16.65
270,3,元町|2026082603|1W|N12-A-6|551115009000|17|600|168.39; 元町|2026090403|1W|C12-B-2|582111190500|17|600|346.501; 元町|2026090903|1W|C12-B-2|582111190500|17|600|346.501
271,4,元町|2026082603|1W|I12-B-5|616415003000|20|600|238.6801; 元町|2026082603|1W|I12-B-5|616455005000|20|600|238.6801; 元町|2026090303|1W|I12-B-3|616425003000|20|600|238.68; 元町|2026090303|1W|I12-B-3|616465005000|20|600|238.68
272,2,日野|2026090903|W5|Q10-A-20|671466020000|21|500|72.914; 日野|2026090903|W5|Q10-A-22|671456020000|21|500|72.915
273,4,日野|2026091003|07|Q10-B-1|617766003000|21|500|72.905; 日野|2026091003|07|Q10-B-3|617756002000|21|500|72.906; 日野|2026091003|W5|Q10-A-20|671466020000|21|500|72.914; 日野|2026091003|W5|Q10-A-22|671456020000|21|500|72.915
274,4,日野|2026091203|07|Q10-B-1|617766003000|21|500|72.905; 日野|2026091203|07|Q10-B-3|617756002000|21|500|72.906; 日野|2026091203|W5|Q10-A-20|671466020000|21|500|72.914; 日野|2026091203|W5|Q10-A-22|671456020000|21|500|72.915
275,3,KVC|2026082104|B3|C15-A-1|581167801100|1|830|313.7402; KVC|2026082104|B7|C15-A-1|581167801100|1|830|313.7402; KVC|2026082104|B7|L12-D-8|537224207090|1|515|194.1302
276,3,KVC|2026082404|B3|C15-A-1|581167801100|1|830|313.7402; KVC|2026082404|B7|C12-B-6|582114202000|1|550|346.5; KVC|2026082404|B7|C15-A-1|581167801100|1|830|313.7402
277,4,KVC|2026082504|B7|C15-A-1|581167801100|1|830|313.7402; KVC|2026082504|B7|L12-C-5|537214206090|1|515|194.1301; KVC|2026082504|B7|L12-D-8|537224207090|1|515|194.1302; KVC|2026082704|B7|L12-D-8|537224207090|1|515|194.1302
278,3,KVC|2026082604|B3|C15-A-1|581167801100|1|830|313.7402; KVC|2026082604|B7|C15-A-1|581167801100|1|830|313.7402; KVC|2026082604|B7|L12-D-8|537224207090|1|515|194.1302
279,3,元町|2026082604|1W|N12-A-21|571111101000|1|800|168.3905; 元町|2026082604|1W|N12-B-1|537141101000|1|515|153.54; 日野|2026091013|07|Q10-A-24|631426010000|1|1000|72.916
280,3,高岡|2026082604|K5|C15-A-3|583114214100|1|750|313.7401; 高岡|2026082604|K5|C15-B-5|581164203000|1|830|313.74; 高岡|2026082604|K5|L12-D-8|537224207000|1|515|194.1302
281,4,KVC|2026082605|B7|C15-A-1|581167801100|1|830|313.7402; KVC|2026082605|B7|L12-C-5|537214206090|1|515|194.1301; KVC|2026082605|B7|L12-D-8|537224207090|1|515|194.1302; 高岡|2026082604|K5|L12-C-5|537214206000|1|515|194.1301
282,3,日野|2026090912|07|Q10-A-24|631426010000|1|1000|72.916; 高岡|2026082804|K5|C15-A-3|583114214100|1|750|313.7401; 高岡|2026082804|K5|L12-C-5|537214206000|1|515|194.1301
283,3,KVC|2026083104|B3|C15-A-1|581167801100|1|830|313.7402; KVC|2026083104|B7|C12-B-6|582114202000|1|550|346.5; KVC|2026083104|B7|C15-A-1|581167801100|1|830|313.7402
284,3,高岡|2026083104|K5|C15-A-3|583114214100|1|750|313.7401; 高岡|2026083104|K5|L12-C-5|537214206000|1|515|194.1301; 高岡|2026090204|K5|C15-A-3|583114214100|1|750|313.7401
285,3,元町|2026090204|1W|N12-A-21|571111101000|1|800|168.3905; 元町|2026090204|1W|N12-B-3|537131101000|1|515|153.5401; 日野|2026091014|07|Q10-A-24|631426010000|1|1000|72.916
286,4,日野|2026090814|07|Q10-B-B|617756003000|21|500|72.901; 日野|2026090814|W5|Q10-A-22|671456020000|21|500|72.915; 高岡|2026090304|K5|C15-A-3|583114214100|1|750|313.7401; 高岡|2026090304|K5|L12-C-5|537214206000|1|515|194.1301
287,4,日野|2026090912|07|Q10-B-A|617766004000|21|500|72.9; 日野|2026090912|W5|Q10-A-20|671466020000|21|500|72.914; 高岡|2026090404|K5|C15-A-3|583114214100|1|750|313.7401; 高岡|2026090404|K5|L12-C-5|537214206000|1|515|194.1301
288,3,日野|2026090704|06|Q10-A-10|486216006000|1|750|72.91; 日野|2026090704|06|Q10-A-11|486226006000|1|750|72.911; 日野|2026090704|06|Q10-A-13|486246006000|1|750|72.913
289,3,日野|2026090704|07|Q10-D-23|617426014000|1|750|62.19; 日野|2026090704|07|Q10-D-25|617416014000|1|750|62.1901; 日野|2026090804|07|Q10-A-24|631426010000|1|1000|72.916
290,3,織機|2026090704|28|C15-A-3|583114214100|1|750|313.7401; 織機|2026090704|28|C15-A-3|583114214100|1|750|313.7401; 織機|2026090704|61|C15-A-3|583114214100|1|750|313.7401
291,3,高岡|2026090704|K5|C15-A-3|583114214100|1|750|313.7401; 高岡|2026090704|K5|C15-B-5|581164203000|1|830|313.74; 高岡|2026090704|K5|L12-C-5|537214206000|1|515|194.1301
292,1,元町|2026083104|1W|N12-A-19|571121101000|1|800|168.3904
293,4,KVC|2026083104|B7|L12-C-5|537214206090|1|515|194.1301; KVC|2026083104|B7|L12-D-8|537224207090|1|515|194.1302; KVC|2026090804|B7|C15-A-1|581167801100|1|830|313.7402; KVC|2026090804|B7|L12-D-8|537224207090|1|515|194.1302
294,3,日野|2026090804|06|Q10-A-11|486226006000|1|750|72.911; 日野|2026090804|06|Q10-A-12|486236006000|1|750|72.912; 日野|2026090804|06|Q10-A-13|486246006000|1|750|72.913
295,3,日野|2026090804|06|Q10-A-10|486216006000|1|750|72.91; 日野|2026090804|07|Q10-D-23|617426014000|1|750|62.19; 日野|2026090804|07|Q10-D-25|617416014000|1|750|62.1901
296,4,KVC|2026091009|B7|C15-A-1|581167801100|1|830|313.7402; 日野|2026090804|07|Q10-B-3|617756002000|21|500|72.906; 日野|2026090804|W5|Q10-A-20|671466020000|21|500|72.914; 日野|2026090804|W5|Q10-A-22|671456020000|21|500|72.915
297,3,日野|2026090911|07|Q10-A-24|631426010000|1|1000|72.916; 織機|2026090804|28|C15-A-3|583114214100|1|750|313.7401; 織機|2026090804|28|C15-A-3|583114214100|1|750|313.7401
298,3,日野|2026090814|07|Q10-A-24|631426010000|1|1000|72.916; 高岡|2026090804|K5|C15-A-3|583114214100|1|750|313.7401; 高岡|2026090804|K5|L12-D-8|537224207000|1|515|194.1302
299,3,日野|2026090812|07|Q10-D-23|617426014000|1|750|62.19; 織機|2026090805|61|C15-A-3|583114214100|1|750|313.7401; 高岡|2026091004|K5|C15-A-3|583114214100|1|750|313.7401
300,4,日野|2026090812|07|Q10-B-1|617766003000|21|500|72.905; 日野|2026090812|W5|Q10-A-20|671466020000|21|500|72.914; 日野|2026090812|W5|Q10-A-22|671456020000|21|500|72.915; 高岡|2026082704|K5|C15-A-3|583114214100|1|750|313.7401
301,4,KVC|2026082104|B7|L12-C-5|537214206090|1|515|194.1301; KVC|2026090904|B7|C12-B-6|582114202000|1|550|346.5; KVC|2026090904|B7|C15-A-1|581167801100|1|830|313.7402; KVC|2026090904|B7|L12-C-5|537214206090|1|515|194.1301
302,3,日野|2026090904|06|Q10-A-11|486226006000|1|750|72.911; 日野|2026090904|06|Q10-A-12|486236006000|1|750|72.912; 日野|2026090904|06|Q10-A-13|486246006000|1|750|72.913
303,3,日野|2026090904|06|Q10-A-10|486216006000|1|750|72.91; 日野|2026090904|07|Q10-B-5|616246010000|1|500|72.907; 日野|2026090904|07|Q10-D-25|617416014000|1|750|62.1901
304,3,織機|2026090904|28|C12-B-6|582114202000|1|550|346.5; 織機|2026090904|28|C15-A-3|583114214100|1|750|313.7401; 織機|2026090904|28|C15-A-3|583114214100|1|750|313.7401
305,2,高岡|2026090904|K5|C15-A-3|583114214100|1|750|313.7401; 高岡|2026090904|K5|C15-B-5|581164203000|1|830|313.74
306,3,KVC|2026091004|B3|C15-A-1|581167801100|1|830|313.7402; KVC|2026091004|B7|C15-A-1|581167801100|1|830|313.7402; KVC|2026091004|B7|L12-C-5|537214206090|1|515|194.1301
307,3,日野|2026091004|06|Q10-A-12|486236006000|1|750|72.912; 日野|2026091004|06|Q10-A-13|486246006000|1|750|72.913; 日野|2026091004|07|Q10-A-24|631426010000|1|1000|72.916
308,3,織機|2026091004|28|C12-B-6|582114202000|1|550|346.5; 織機|2026091004|28|C15-A-3|583114214100|1|750|313.7401; 織機|2026091004|28|C15-A-3|583114214100|1|750|313.7401
309,4,元町|2026090404|1W|L12-A-5|571165008000|1|800|204.3; 日野|2026091013|07|Q10-B-3|617756002000|21|500|72.906; 日野|2026091013|W5|Q10-A-20|671466020000|21|500|72.914; 日野|2026091013|W5|Q10-A-22|671456020000|21|500|72.915
310,3,日野|2026091104|06|Q10-A-10|486216006000|1|750|72.91; 日野|2026091104|06|Q10-A-13|486246006000|1|750|72.913; 日野|2026091104|07|Q10-B-5|616246010000|1|500|72.907
311,3,日野|2026090904|07|Q10-A-24|631426010000|1|1000|72.916; 日野|2026091104|07|Q10-D-23|617426014000|1|750|62.19; 日野|2026091104|07|Q10-D-25|617416014000|1|750|62.1901
312,3,日野|2026090904|07|Q10-D-23|617426014000|1|750|62.19; 日野|2026091204|07|Q10-A-24|631426010000|1|1000|72.916; 織機|2026091008|61|C15-A-3|583114214100|1|750|313.7401
313,3,日野|2026091204|07|Q10-D-23|617426014000|1|750|62.19; 日野|2026091204|W5|Q10-A-20|671466020000|21|500|72.914; 日野|2026091204|W5|Q10-A-22|671456020000|21|500|72.915
314,1,元町|2026082704|1W|N12-B-3|537131101000|1|515|153.5401
315,2,KVC|2026082804|B7|C15-A-1|581167801100|1|830|313.7402; KVC|2026082804|B7|L12-D-8|537224207090|1|515|194.1302
316,1,織機|2026091004|61|C15-A-3|583114214100|1|750|313.7401
317,2,高岡|2026090104|K5|L12-C-5|537214206000|1|515|194.1301; 高岡|2026090104|K5|L12-D-8|537224207000|1|515|194.1302
318,2,KVC|2026091104|B3|C15-A-1|581167801100|1|830|313.7402; KVC|2026091104|B7|L12-D-8|537224207090|1|515|194.1302
319,3,日野|2026091204|07|Q10-B-5|616246010000|1|500|72.907; 日野|2026091204|07|Q10-B-7|616236014000|1|500|72.908; 日野|2026091204|07|Q10-D-25|617416014000|1|750|62.1901
320,1,KVC|2026091404|B7|L12-C-5|537214206090|1|515|194.1301
321,2,日野|2026090904|07|Q10-B-23|5831160F1000|5|600|72.918; 日野|2026091204|07|Q10-B-23|5831160F1000|5|600|72.918
322,2,日野|2026090904|07|Q10-A-27|5831160F4000|5|600|72.917; 日野|2026091104|07|Q10-A-27|5831160F4000|5|600|72.917
323,1,日野|2026091204|07|Q10-A-27|5831160F4000|5|600|72.917
324,1,元町|2026090804|1W|L12-B-26|572421101000|7|800|182.97
325,2,織機|2026090704|21|Q9-A-5|551124202000|17|830|16.6501; 織機|2026090904|21|Q9-A-5|551124202000|17|830|16.6501
326,2,織機|2026090704|61|Q9-A-5|551124202000|17|830|16.6501; 織機|2026091004|21|Q9-A-5|551124202000|17|830|16.6501
327,2,織機|2026090704|21|Q9-A-1|551124201000|17|830|16.65; 織機|2026090804|21|Q9-A-1|551124201000|17|830|16.65
328,2,織機|2026090904|21|Q9-A-1|551124201000|17|830|16.65; 織機|2026091004|21|Q9-A-1|551124201000|17|830|16.65
329,2,織機|2026090704|61|Q9-A-1|551124201000|17|830|16.65; 織機|2026091104|21|Q9-A-1|551124201000|17|830|16.65
330,1,織機|2026091004|61|Q9-A-1|551124201000|17|830|16.65
331,2,TMK|2026090904|B7|Q9-A-5|551124202000|17|830|16.6501; TMK|2026091004|B7|Q9-A-5|551124202000|17|830|16.6501
332,2,高岡|2026082604|K5|Q9-A-5|551124202000|17|830|16.6501; 高岡|2026082704|K5|Q9-A-5|551124202000|17|830|16.6501
333,2,高岡|2026082804|K5|Q9-A-5|551124202000|17|830|16.6501; 高岡|2026090104|K5|Q9-A-5|551124202000|17|830|16.6501
334,2,高岡|2026090404|K5|Q9-A-5|551124202000|17|830|16.6501; 高岡|2026090704|K5|Q9-A-5|551124202000|17|830|16.6501
335,2,TMK|2026082105|B7|Q9-A-5|551124202000|17|830|16.6501; 高岡|2026090904|K5|Q9-A-5|551124202000|17|830|16.6501
336,2,TMK|2026091405|B7|Q9-A-5|551124202000|17|830|16.6501; 高岡|2026082604|K5|Q9-A-1|551124201000|17|830|16.65
337,2,高岡|2026082604|K5|Q9-A-1|551124201000|17|830|16.65; 高岡|2026082704|K5|Q9-A-1|551124201000|17|830|16.65
338,2,高岡|2026082704|K5|Q9-A-1|551124201000|17|830|16.65; 高岡|2026082804|K5|Q9-A-1|551124201000|17|830|16.65
339,2,高岡|2026082804|K5|Q9-A-1|551124201000|17|830|16.65; 高岡|2026083104|K5|Q9-A-1|551124201000|17|830|16.65
340,2,高岡|2026083104|K5|Q9-A-1|551124201000|17|830|16.65; 高岡|2026090104|K5|Q9-A-1|551124201000|17|830|16.65
341,2,高岡|2026090104|K5|Q9-A-1|551124201000|17|830|16.65; 高岡|2026090204|K5|Q9-A-1|551124201000|17|830|16.65
342,2,高岡|2026090204|K5|Q9-A-1|551124201000|17|830|16.65; 高岡|2026090304|K5|Q9-A-1|551124201000|17|830|16.65
343,2,高岡|2026090304|K5|Q9-A-1|551124201000|17|830|16.65; 高岡|2026090404|K5|Q9-A-1|551124201000|17|830|16.65
344,2,高岡|2026090404|K5|Q9-A-1|551124201000|17|830|16.65; 高岡|2026090704|K5|Q9-A-1|551124201000|17|830|16.65
345,2,高岡|2026090704|K5|Q9-A-1|551124201000|17|830|16.65; 高岡|2026090804|K5|Q9-A-1|551124201000|17|830|16.65
346,2,高岡|2026090804|K5|Q9-A-1|551124201000|17|830|16.65; 高岡|2026090904|K5|Q9-A-1|551124201000|17|830|16.65
347,2,高岡|2026090904|K5|Q9-A-1|551124201000|17|830|16.65; 高岡|2026091004|K5|Q9-A-1|551124201000|17|830|16.65
348,2,元町|2026082604|1W|C12-B-2|582111190500|17|600|346.501; 元町|2026091004|1W|N12-A-6|551115009000|17|600|168.39
349,1,元町|2026082604|1W|Q10-F-7|576525091400|19|670|62.109
350,2,元町|2026082604|1W|I12-B-3|616425003000|20|600|238.68; 元町|2026082604|1W|I12-B-3|616465005000|20|600|238.68
351,2,日野|2026090704|07|Q10-B-3|617756002000|21|500|72.906; 日野|2026091104|W5|Q10-A-22|671456020000|21|500|72.915
352,3,KVC|2026082105|B3|C15-A-1|581167801100|1|830|313.7402; KVC|2026082105|B7|C12-B-6|582114202000|1|550|346.5; KVC|2026082105|B7|C15-A-1|581167801100|1|830|313.7402
353,3,KVC|2026082505|B3|C15-A-1|581167801100|1|830|313.7402; KVC|2026082505|B7|C15-A-1|581167801100|1|830|313.7402; KVC|2026082505|B7|L12-D-8|537224207090|1|515|194.1302
354,3,KVC|2026082705|B3|C15-A-1|581167801100|1|830|313.7402; KVC|2026082705|B7|C15-A-1|581167801100|1|830|313.7402; KVC|2026082705|B7|L12-D-8|537224207090|1|515|194.1302
355,4,KVC|2026082505|B7|L12-C-5|537214206090|1|515|194.1301; KVC|2026082706|B7|C15-B-5|581164203000|1|830|313.74; KVC|2026082706|B7|L12-C-5|537214206090|1|515|194.1301; KVC|2026082706|B7|L12-D-8|537224207090|1|515|194.1302
356,3,KVC|2026082805|B3|C15-A-1|581167801100|1|830|313.7402; KVC|2026082805|B7|C12-B-6|582114202000|1|550|346.5; KVC|2026082805|B7|C15-A-1|581167801100|1|830|313.7402
357,3,高岡|2026090405|K5|C15-A-3|583114214100|1|750|313.7401; 高岡|2026090405|K5|C15-B-5|581164203000|1|830|313.74; 高岡|2026090405|K5|L12-D-8|537224207000|1|515|194.1302
358,2,日野|2026090705|07|Q10-A-24|631426010000|1|1000|72.916; 日野|2026090705|07|Q10-A-24|631426010000|1|1000|72.916
359,3,日野|2026090705|06|Q10-A-10|486216006000|1|750|72.91; 日野|2026090705|06|Q10-A-11|486226006000|1|750|72.911; 日野|2026090705|06|Q10-A-12|486236006000|1|750|72.912
360,3,織機|2026090705|28|C12-B-6|582114202000|1|550|346.5; 織機|2026090705|28|C15-A-3|583114214100|1|750|313.7401; 織機|2026090705|28|C15-A-3|583114214100|1|750|313.7401
361,3,日野|2026090805|06|Q10-A-11|486226006000|1|750|72.911; 日野|2026090805|06|Q10-A-13|486246006000|1|750|72.913; 日野|2026090805|07|Q10-B-7|616236014000|1|500|72.908
362,3,日野|2026090805|07|Q10-D-23|617426014000|1|750|62.19; 日野|2026090805|07|Q10-D-25|617416014000|1|750|62.1901; 日野|2026090805|07|Q10-D-25|617416014000|1|750|62.1901
363,3,織機|2026090805|28|C12-B-6|582114202000|1|550|346.5; 織機|2026090805|28|C15-A-3|583114214100|1|750|313.7401; 織機|2026090805|28|C15-A-3|583114214100|1|750|313.7401
364,4,KVC|2026082705|B7|L12-C-5|537214206090|1|515|194.1301; 日野|2026090809|07|Q10-B-5|616246010000|1|500|72.907; 日野|2026090809|07|Q10-B-7|616236014000|1|500|72.908; 日野|2026090809|07|Q10-D-25|617416014000|1|750|62.1901
365,3,KVC|2026090905|B3|C15-A-1|581167801100|1|830|313.7402; KVC|2026090905|B7|C15-A-1|581167801100|1|830|313.7402; KVC|2026090905|B7|L12-D-8|537224207090|1|515|194.1302
366,2,日野|2026090905|07|Q10-A-24|631426010000|1|1000|72.916; 日野|2026090905|07|Q10-A-24|631426010000|1|1000|72.916
367,3,日野|2026090905|06|Q10-A-10|486216006000|1|750|72.91; 日野|2026090905|06|Q10-A-12|486236006000|1|750|72.912; 日野|2026090905|06|Q10-A-13|486246006000|1|750|72.913
368,3,日野|2026090905|07|Q10-B-7|616236014000|1|500|72.908; 日野|2026090905|07|Q10-D-23|617426014000|1|750|62.19; 日野|2026090905|07|Q10-D-25|617416014000|1|750|62.1901
369,3,織機|2026090905|28|C15-A-3|583114214100|1|750|313.7401; 織機|2026090905|28|C15-A-3|583114214100|1|750|313.7401; 織機|2026090905|61|C15-A-3|583114214100|1|750|313.7401
370,4,KVC|2026082105|B7|L12-C-5|537214206090|1|515|194.1301; KVC|2026082105|B7|L12-D-8|537224207090|1|515|194.1302; KVC|2026090908|B3|C15-A-1|581167801100|1|830|313.7402; KVC|2026090908|B7|L12-C-5|537214206090|1|515|194.1301
371,3,日野|2026091005|06|Q10-A-10|486216006000|1|750|72.91; 日野|2026091005|06|Q10-A-12|486236006000|1|750|72.912; 日野|2026091005|07|Q10-B-7|616236014000|1|500|72.908
372,3,日野|2026091005|07|Q10-B-5|616246010000|1|500|72.907; 日野|2026091005|07|Q10-D-23|617426014000|1|750|62.19; 日野|2026091005|07|Q10-D-25|617416014000|1|750|62.1901
373,3,日野|2026090711|07|Q10-A-24|631426010000|1|1000|72.916; 織機|2026091005|28|C15-A-3|583114214100|1|750|313.7401; 織機|2026091005|28|C15-A-3|583114214100|1|750|313.7401
374,3,KVC|2026090805|B7|L12-C-5|537214206090|1|515|194.1301; KVC|2026091005|B7|L12-D-8|537224207090|1|515|194.1302; 日野|2026091012|07|Q10-D-23|617426014000|1|750|62.19
375,3,KVC|2026091105|B3|C15-A-1|581167801100|1|830|313.7402; KVC|2026091105|B7|C15-A-1|581167801100|1|830|313.7402; KVC|2026091105|B7|L12-C-5|537214206090|1|515|194.1301
376,2,日野|2026091005|07|Q10-A-24|631426010000|1|1000|72.916; 日野|2026091105|07|Q10-A-24|631426010000|1|1000|72.916
377,3,日野|2026091105|06|Q10-A-11|486226006000|1|750|72.911; 日野|2026091105|06|Q10-A-12|486236006000|1|750|72.912; 日野|2026091105|07|Q10-B-7|616236014000|1|500|72.908
378,3,日野|2026091105|07|Q10-B-5|616246010000|1|500|72.907; 日野|2026091105|07|Q10-D-23|617426014000|1|750|62.19; 日野|2026091105|07|Q10-D-25|617416014000|1|750|62.1901
379,2,日野|2026091105|07|Q10-B-A|617766004000|21|500|72.9; 日野|2026091105|07|Q10-D-23|617426014000|1|750|62.19
380,4,KVC|2026082405|B7|L12-C-5|537214206090|1|515|194.1301; KVC|2026082405|B7|L12-D-8|537224207090|1|515|194.1302; KVC|2026091108|B3|C15-A-1|581167801100|1|830|313.7402; KVC|2026091108|B7|L12-C-5|537214206090|1|515|194.1301
381,3,日野|2026090705|07|Q10-D-23|617426014000|1|750|62.19; 日野|2026091005|07|Q10-D-23|617426014000|1|750|62.19; 日野|2026091205|07|Q10-A-24|631426010000|1|1000|72.916
382,3,日野|2026091205|06|Q10-A-11|486226006000|1|750|72.911; 日野|2026091205|06|Q10-A-12|486236006000|1|750|72.912; 日野|2026091205|06|Q10-A-13|486246006000|1|750|72.913
383,4,KVC|2026090809|B7|L12-C-5|537214206090|1|515|194.1301; 日野|2026091205|06|Q10-A-10|486216006000|1|750|72.91; 日野|2026091205|07|Q10-B-5|616246010000|1|500|72.907; 日野|2026091205|07|Q10-B-7|616236014000|1|500|72.908
384,3,日野|2026090805|07|Q10-A-24|631426010000|1|1000|72.916; 日野|2026091205|07|Q10-D-23|617426014000|1|750|62.19; 日野|2026091205|07|Q10-D-25|617416014000|1|750|62.1901
385,3,KVC|2026091405|B3|C15-A-1|581167801100|1|830|313.7402; KVC|2026091405|B7|C15-A-1|581167801100|1|830|313.7402; KVC|2026091405|B7|L12-D-8|537224207090|1|515|194.1302
386,4,KVC|2026082805|B7|L12-C-5|537214206090|1|515|194.1301; KVC|2026082805|B7|L12-D-8|537224207090|1|515|194.1302; KVC|2026091406|B7|C15-A-1|581167801100|1|830|313.7402; KVC|2026091406|B7|L12-C-5|537214206090|1|515|194.1301
387,3,日野|2026090705|07|Q10-B-5|616246010000|1|500|72.907; 日野|2026090705|07|Q10-B-7|616236014000|1|500|72.908; 日野|2026090705|07|Q10-D-25|617416014000|1|750|62.1901
388,2,高岡|2026090805|K5|C15-A-3|583114214100|1|750|313.7401; 高岡|2026090805|K5|C15-B-5|581164203000|1|830|313.74
389,2,日野|2026090705|07|Q10-B-23|5831160F1000|5|600|72.918; 日野|2026090805|07|Q10-B-23|5831160F1000|5|600|72.918
390,2,日野|2026090905|07|Q10-B-23|5831160F1000|5|600|72.918; 日野|2026091105|07|Q10-B-23|5831160F1000|5|600|72.918
391,2,日野|2026090705|07|Q10-A-27|5831160F4000|5|600|72.917; 日野|2026090805|07|Q10-A-27|5831160F4000|5|600|72.917
392,2,織機|2026090705|21|Q9-A-5|551124202000|17|830|16.6501; 織機|2026090805|21|Q9-A-5|551124202000|17|830|16.6501
393,2,織機|2026090905|21|Q9-A-5|551124202000|17|830|16.6501; 織機|2026091105|21|Q9-A-5|551124202000|17|830|16.6501
394,2,織機|2026090805|61|Q9-A-5|551124202000|17|830|16.6501; 織機|2026090905|61|Q9-A-5|551124202000|17|830|16.6501
395,2,織機|2026090705|21|Q9-A-1|551124201000|17|830|16.65; 織機|2026091005|61|Q9-A-5|551124202000|17|830|16.6501
396,2,織機|2026090805|21|Q9-A-1|551124201000|17|830|16.65; 織機|2026090805|21|Q9-A-1|551124201000|17|830|16.65
397,2,織機|2026090905|21|Q9-A-1|551124201000|17|830|16.65; 織機|2026091005|21|Q9-A-1|551124201000|17|830|16.65
398,2,織機|2026090805|61|Q9-A-1|551124201000|17|830|16.65; 織機|2026091105|21|Q9-A-1|551124201000|17|830|16.65
399,1,織機|2026090905|61|Q9-A-1|551124201000|17|830|16.65
400,2,TMK|2026082406|B7|Q9-A-5|551124202000|17|830|16.6501; TMK|2026082505|B7|Q9-A-5|551124202000|17|830|16.6501
401,2,TMK|2026082605|B7|Q9-A-5|551124202000|17|830|16.6501; TMK|2026082706|B7|Q9-A-5|551124202000|17|830|16.6501
402,2,TMK|2026082805|B7|Q9-A-5|551124202000|17|830|16.6501; TMK|2026083105|B7|Q9-A-5|551124202000|17|830|16.6501
403,2,高岡|2026083105|K5|Q9-A-5|551124202000|17|830|16.6501; 高岡|2026090205|K5|Q9-A-5|551124202000|17|830|16.6501
404,2,高岡|2026090305|K5|Q9-A-5|551124202000|17|830|16.6501; 高岡|2026090805|K5|Q9-A-5|551124202000|17|830|16.6501
405,2,高岡|2026083105|K5|Q9-A-1|551124201000|17|830|16.65; 高岡|2026091005|K5|Q9-A-5|551124202000|17|830|16.6501
406,2,高岡|2026090105|K5|Q9-A-1|551124201000|17|830|16.65; 高岡|2026090105|K5|Q9-A-1|551124201000|17|830|16.65
407,2,高岡|2026090205|K5|Q9-A-1|551124201000|17|830|16.65; 高岡|2026090205|K5|Q9-A-1|551124201000|17|830|16.65
408,2,高岡|2026090305|K5|Q9-A-1|551124201000|17|830|16.65; 高岡|2026090305|K5|Q9-A-1|551124201000|17|830|16.65
409,2,高岡|2026090405|K5|Q9-A-1|551124201000|17|830|16.65; 高岡|2026090405|K5|Q9-A-1|551124201000|17|830|16.65
410,2,高岡|2026090705|K5|Q9-A-1|551124201000|17|830|16.65; 高岡|2026090705|K5|Q9-A-1|551124201000|17|830|16.65
411,2,高岡|2026090805|K5|Q9-A-1|551124201000|17|830|16.65; 高岡|2026090905|K5|Q9-A-1|551124201000|17|830|16.65
412,2,高岡|2026090905|K5|Q9-A-1|551124201000|17|830|16.65; 高岡|2026091005|K5|Q9-A-1|551124201000|17|830|16.65
413,1,高岡|2026091005|K5|Q9-A-1|551124201000|17|830|16.65
414,4,日野|2026090805|W5|Q10-A-20|671466020000|21|500|72.914; 日野|2026090805|W5|Q10-A-22|671456020000|21|500|72.915; 日野|2026091205|07|Q10-B-1|617766003000|21|500|72.905; 日野|2026091205|07|Q10-B-3|617756002000|21|500|72.906
415,4,日野|2026090905|07|Q10-B-1|617766003000|21|500|72.905; 日野|2026090905|07|Q10-B-A|617766004000|21|500|72.9; 日野|2026090905|W5|Q10-A-20|671466020000|21|500|72.914; 日野|2026090905|W5|Q10-A-22|671456020000|21|500|72.915
416,4,日野|2026091105|07|Q10-B-1|617766003000|21|500|72.905; 日野|2026091105|07|Q10-B-B|617756003000|21|500|72.901; 日野|2026091105|W5|Q10-A-20|671466020000|21|500|72.914; 日野|2026091105|W5|Q10-A-22|671456020000|21|500|72.915
417,2,日野|2026090705|W5|Q10-A-20|671466020000|21|500|72.914; 日野|2026090705|W5|Q10-A-22|671456020000|21|500|72.915
418,3,KVC|2026082106|B3|C15-A-1|581167801100|1|830|313.7402; KVC|2026082106|B7|C15-A-1|581167801100|1|830|313.7402; KVC|2026082106|B7|L12-D-8|537224207090|1|515|194.1302
419,3,KVC|2026082506|B3|C15-A-1|581167801100|1|830|313.7402; KVC|2026082506|B7|C15-A-1|581167801100|1|830|313.7402; KVC|2026082506|B7|L12-D-8|537224207090|1|515|194.1302
420,3,KVC|2026082606|B3|C15-A-1|581167801100|1|830|313.7402; KVC|2026082606|B7|C15-A-1|581167801100|1|830|313.7402; KVC|2026082606|B7|L12-D-8|537224207090|1|515|194.1302
421,3,KVC|2026082706|B3|C15-A-1|581167801100|1|830|313.7402; KVC|2026082706|B7|C12-B-6|582114202000|1|550|346.5; KVC|2026082706|B7|C15-A-1|581167801100|1|830|313.7402
422,3,KVC|2026082806|B3|C15-A-1|581167801100|1|830|313.7402; KVC|2026082806|B7|C15-A-1|581167801100|1|830|313.7402; KVC|2026082806|B7|L12-D-8|537224207090|1|515|194.1302
423,3,KVC|2026083106|B3|C15-A-1|581167801100|1|830|313.7402; KVC|2026083106|B7|C15-A-1|581167801100|1|830|313.7402; KVC|2026083106|B7|L12-D-8|537224207090|1|515|194.1302
424,3,日野|2026090706|06|Q10-A-11|486226006000|1|750|72.911; 日野|2026090706|06|Q10-A-12|486236006000|1|750|72.912; 日野|2026090706|06|Q10-A-13|486246006000|1|750|72.913
425,4,日野|2026090706|06|Q10-A-10|486216006000|1|750|72.91; 日野|2026090706|07|Q10-B-1|617766003000|21|500|72.905; 日野|2026090706|07|Q10-B-5|616246010000|1|500|72.907; 日野|2026090706|07|Q10-B-7|616236014000|1|500|72.908
426,3,日野|2026090706|07|Q10-D-23|617426014000|1|750|62.19; 日野|2026090706|07|Q10-D-23|617426014000|1|750|62.19; 日野|2026090706|07|Q10-D-25|617416014000|1|750|62.1901
427,3,織機|2026090706|28|C15-A-3|583114214100|1|750|313.7401; 織機|2026090706|28|C15-A-3|583114214100|1|750|313.7401; 織機|2026090706|61|C15-A-3|583114214100|1|750|313.7401
428,4,KVC|2026082106|B7|L12-C-5|537214206090|1|515|194.1301; KVC|2026090806|B7|C12-B-6|582114202000|1|550|346.5; KVC|2026090806|B7|C15-A-1|581167801100|1|830|313.7402; KVC|2026090806|B7|L12-D-8|537224207090|1|515|194.1302
429,3,日野|2026090806|06|Q10-A-10|486216006000|1|750|72.91; 日野|2026090806|06|Q10-A-11|486226006000|1|750|72.911; 日野|2026090806|06|Q10-A-12|486236006000|1|750|72.912
430,4,日野|2026090806|07|Q10-B-5|616246010000|1|500|72.907; 日野|2026090806|07|Q10-B-7|616236014000|1|500|72.908; 日野|2026090806|07|Q10-B-A|617766004000|21|500|72.9; 日野|2026090806|07|Q10-D-25|617416014000|1|750|62.1901
431,3,日野|2026090713|07|Q10-A-24|631426010000|1|1000|72.916; 織機|2026090806|28|C15-A-3|583114214100|1|750|313.7401; 織機|2026090806|28|C15-A-3|583114214100|1|750|313.7401
432,3,日野|2026090906|06|Q10-A-11|486226006000|1|750|72.911; 日野|2026090906|06|Q10-A-13|486246006000|1|750|72.913; 日野|2026090906|07|Q10-B-7|616236014000|1|500|72.908
433,3,日野|2026090906|07|Q10-B-5|616246010000|1|500|72.907; 日野|2026090906|07|Q10-D-23|617426014000|1|750|62.19; 日野|2026090906|07|Q10-D-25|617416014000|1|750|62.1901
434,3,日野|2026090806|07|Q10-D-23|617426014000|1|750|62.19; 日野|2026090906|07|Q10-D-23|617426014000|1|750|62.19; 日野|2026091106|07|Q10-D-23|617426014000|1|750|62.19
435,3,KVC|2026091006|B3|C15-A-1|581167801100|1|830|313.7402; KVC|2026091006|B7|C15-A-1|581167801100|1|830|313.7402; KVC|2026091006|B7|L12-C-5|537214206090|1|515|194.1301
436,3,日野|2026091006|06|Q10-A-10|486216006000|1|750|72.91; 日野|2026091006|06|Q10-A-11|486226006000|1|750|72.911; 日野|2026091006|06|Q10-A-13|486246006000|1|750|72.913
437,4,日野|2026091006|07|Q10-B-5|616246010000|1|500|72.907; 日野|2026091006|07|Q10-B-7|616236014000|1|500|72.908; 日野|2026091006|07|Q10-B-A|617766004000|21|500|72.9; 日野|2026091006|07|Q10-D-25|617416014000|1|750|62.1901
438,3,日野|2026091006|07|Q10-D-23|617426014000|1|750|62.19; 日野|2026091006|07|Q10-D-25|617416014000|1|750|62.1901; 日野|2026091206|07|Q10-A-24|631426010000|1|1000|72.916
439,3,織機|2026091006|28|C15-A-3|583114214100|1|750|313.7401; 織機|2026091006|28|C15-A-3|583114214100|1|750|313.7401; 織機|2026091006|61|C15-A-3|583114214100|1|750|313.7401
440,3,日野|2026091106|06|Q10-A-11|486226006000|1|750|72.911; 日野|2026091106|06|Q10-A-12|486236006000|1|750|72.912; 日野|2026091106|06|Q10-A-13|486246006000|1|750|72.913
441,3,日野|2026091106|06|Q10-A-10|486216006000|1|750|72.91; 日野|2026091106|07|Q10-B-7|616236014000|1|500|72.908; 日野|2026091106|07|Q10-D-25|617416014000|1|750|62.1901
442,3,日野|2026091206|06|Q10-A-11|486226006000|1|750|72.911; 日野|2026091206|06|Q10-A-12|486236006000|1|750|72.912; 日野|2026091206|06|Q10-A-13|486246006000|1|750|72.913
443,3,日野|2026091206|06|Q10-A-10|486216006000|1|750|72.91; 日野|2026091206|07|Q10-D-23|617426014000|1|750|62.19; 日野|2026091206|07|Q10-D-25|617416014000|1|750|62.1901
444,2,KVC|2026082406|B3|C15-A-1|581167801100|1|830|313.7402; KVC|2026082406|B7|C15-A-1|581167801100|1|830|313.7402
445,1,KVC|2026082606|B7|L12-C-5|537214206090|1|515|194.1301
446,1,KVC|2026082806|B7|L12-C-5|537214206090|1|515|194.1301
447,1,KVC|2026091106|B7|L12-D-8|537224207090|1|515|194.1302
448,2,日野|2026090706|07|Q10-B-23|5831160F1000|5|600|72.918; 日野|2026091006|07|Q10-B-23|5831160F1000|5|600|72.918
449,2,日野|2026090906|07|Q10-A-27|5831160F4000|5|600|72.917; 日野|2026091206|07|Q10-B-23|5831160F1000|5|600|72.918
450,2,日野|2026091006|07|Q10-A-27|5831160F4000|5|600|72.917; 日野|2026091106|07|Q10-A-27|5831160F4000|5|600|72.917
451,1,日野|2026091206|07|Q10-A-27|5831160F4000|5|600|72.917
452,2,織機|2026090806|21|Q9-A-5|551124202000|17|830|16.6501; 織機|2026091006|21|Q9-A-5|551124202000|17|830|16.6501
453,2,織機|2026090706|21|Q9-A-1|551124201000|17|830|16.65; 織機|2026091106|21|Q9-A-5|551124202000|17|830|16.6501
454,2,織機|2026090806|21|Q9-A-1|551124201000|17|830|16.65; 織機|2026090906|21|Q9-A-1|551124201000|17|830|16.65
455,2,織機|2026091006|21|Q9-A-1|551124201000|17|830|16.65; 織機|2026091006|21|Q9-A-1|551124201000|17|830|16.65
456,2,織機|2026090706|61|Q9-A-1|551124201000|17|830|16.65; 織機|2026091106|21|Q9-A-1|551124201000|17|830|16.65
457,2,織機|2026090906|61|Q9-A-1|551124201000|17|830|16.65; 織機|2026091006|61|Q9-A-1|551124201000|17|830|16.65
458,4,日野|2026090706|07|Q10-B-3|617756002000|21|500|72.906; 日野|2026090706|07|Q10-B-3|617756002000|21|500|72.906; 日野|2026090706|W5|Q10-A-20|671466020000|21|500|72.914; 日野|2026090706|W5|Q10-A-22|671456020000|21|500|72.915
459,4,日野|2026090806|07|Q10-B-1|617766003000|21|500|72.905; 日野|2026090806|07|Q10-B-3|617756002000|21|500|72.906; 日野|2026090806|07|Q10-B-B|617756003000|21|500|72.901; 日野|2026090806|W5|Q10-A-22|671456020000|21|500|72.915
460,4,日野|2026090906|07|Q10-B-3|617756002000|21|500|72.906; 日野|2026090906|07|Q10-B-B|617756003000|21|500|72.901; 日野|2026090906|W5|Q10-A-20|671466020000|21|500|72.914; 日野|2026090906|W5|Q10-A-22|671456020000|21|500|72.915
461,4,日野|2026091006|07|Q10-B-3|617756002000|21|500|72.906; 日野|2026091006|07|Q10-B-B|617756003000|21|500|72.901; 日野|2026091006|W5|Q10-A-20|671466020000|21|500|72.914; 日野|2026091006|W5|Q10-A-22|671456020000|21|500|72.915
462,4,日野|2026091106|07|Q10-B-3|617756002000|21|500|72.906; 日野|2026091106|W5|Q10-A-20|671466020000|21|500|72.914; 日野|2026091206|W5|Q10-A-20|671466020000|21|500|72.914; 日野|2026091206|W5|Q10-A-22|671456020000|21|500|72.915
463,1,KVC|2026082707|B3|C15-A-1|581167801100|1|830|313.7402
464,1,KVC|2026083107|B3|C15-A-1|581167801100|1|830|313.7402
465,4,日野|2026090707|07|Q10-B-7|616236014000|1|500|72.908; 日野|2026090707|07|Q10-D-25|617416014000|1|750|62.1901; 日野|2026090707|W5|Q10-A-20|671466020000|21|500|72.914; 日野|2026090707|W5|Q10-A-22|671456020000|21|500|72.915
466,3,日野|2026090807|06|Q10-A-13|486246006000|1|750|72.913; 日野|2026090807|07|Q10-D-23|617426014000|1|750|62.19; 日野|2026091107|07|Q10-D-23|617426014000|1|750|62.19
467,3,織機|2026090807|28|C15-A-3|583114214100|1|750|313.7401; 織機|2026090807|28|C15-A-3|583114214100|1|750|313.7401; 織機|2026090807|61|C15-A-3|583114214100|1|750|313.7401
468,2,KVC|2026090907|B7|C15-A-1|581167801100|1|830|313.7402; KVC|2026090907|B7|L12-D-8|537224207090|1|515|194.1302
469,3,日野|2026090907|06|Q10-A-10|486216006000|1|750|72.91; 日野|2026090907|06|Q10-A-11|486226006000|1|750|72.911; 日野|2026090907|06|Q10-A-12|486236006000|1|750|72.912
470,3,織機|2026090907|28|C15-A-3|583114214100|1|750|313.7401; 織機|2026090907|28|C15-A-3|583114214100|1|750|313.7401; 織機|2026090907|61|C15-A-3|583114214100|1|750|313.7401
471,2,KVC|2026091007|B3|C15-A-1|581167801100|1|830|313.7402; KVC|2026091007|B7|L12-D-8|537224207090|1|515|194.1302
472,3,日野|2026091007|06|Q10-A-11|486226006000|1|750|72.911; 日野|2026091007|06|Q10-A-12|486236006000|1|750|72.912; 日野|2026091007|06|Q10-A-13|486246006000|1|750|72.913
473,3,日野|2026091007|07|Q10-B-5|616246010000|1|500|72.907; 日野|2026091007|07|Q10-D-23|617426014000|1|750|62.19; 日野|2026091007|W5|Q10-A-22|671456020000|21|500|72.915
474,2,KVC|2026091107|B3|C15-A-1|581167801100|1|830|313.7402; KVC|2026091107|B7|C15-A-1|581167801100|1|830|313.7402
475,2,日野|2026091107|07|Q10-A-24|631426010000|1|1000|72.916; 日野|2026091107|07|Q10-A-24|631426010000|1|1000|72.916
476,3,日野|2026091107|06|Q10-A-10|486216006000|1|750|72.91; 日野|2026091107|06|Q10-A-11|486226006000|1|750|72.911; 日野|2026091107|06|Q10-A-13|486246006000|1|750|72.913
477,3,日野|2026091107|07|Q10-B-5|616246010000|1|500|72.907; 日野|2026091107|07|Q10-B-7|616236014000|1|500|72.908; 日野|2026091107|07|Q10-D-25|617416014000|1|750|62.1901
478,3,日野|2026091207|07|Q10-B-5|616246010000|1|500|72.907; 日野|2026091207|07|Q10-B-7|616236014000|1|500|72.908; 日野|2026091207|07|Q10-D-25|617416014000|1|750|62.1901
479,1,KVC|2026090807|B7|L12-C-5|537214206090|1|515|194.1301
480,2,日野|2026090707|07|Q10-A-27|5831160F4000|5|600|72.917; 日野|2026091107|07|Q10-B-23|5831160F1000|5|600|72.918
481,1,日野|2026090807|07|Q10-A-27|5831160F4000|5|600|72.917
482,2,織機|2026090707|21|Q9-A-5|551124202000|17|830|16.6501; 織機|2026090807|21|Q9-A-5|551124202000|17|830|16.6501
483,2,織機|2026090907|21|Q9-A-5|551124202000|17|830|16.6501; 織機|2026091007|21|Q9-A-5|551124202000|17|830|16.6501
484,2,織機|2026090707|61|Q9-A-5|551124202000|17|830|16.6501; 織機|2026091107|21|Q9-A-5|551124202000|17|830|16.6501
485,2,織機|2026090807|61|Q9-A-5|551124202000|17|830|16.6501; 織機|2026090907|61|Q9-A-5|551124202000|17|830|16.6501
486,2,織機|2026090707|21|Q9-A-1|551124201000|17|830|16.65; 織機|2026091007|61|Q9-A-5|551124202000|17|830|16.6501
487,2,織機|2026090807|21|Q9-A-1|551124201000|17|830|16.65; 織機|2026090907|21|Q9-A-1|551124201000|17|830|16.65
488,2,織機|2026091007|21|Q9-A-1|551124201000|17|830|16.65; 織機|2026091107|21|Q9-A-1|551124201000|17|830|16.65
489,2,織機|2026090807|61|Q9-A-1|551124201000|17|830|16.65; 織機|2026091007|61|Q9-A-1|551124201000|17|830|16.65
490,4,日野|2026090807|W5|Q10-A-20|671466020000|21|500|72.914; 日野|2026091107|07|Q10-B-1|617766003000|21|500|72.905; 日野|2026091107|W5|Q10-A-20|671466020000|21|500|72.914; 日野|2026091107|W5|Q10-A-22|671456020000|21|500|72.915
491,3,日野|2026090907|W5|Q10-A-20|671466020000|21|500|72.914; 日野|2026091207|W5|Q10-A-20|671466020000|21|500|72.914; 日野|2026091207|W5|Q10-A-22|671456020000|21|500|72.915
492,1,KVC|2026082108|B3|C15-A-1|581167801100|1|830|313.7402
493,1,KVC|2026082508|B3|C15-A-1|581167801100|1|830|313.7402
494,2,日野|2026090708|07|Q10-A-24|631426010000|1|1000|72.916; 日野|2026090708|07|Q10-A-24|631426010000|1|1000|72.916
495,3,日野|2026090708|06|Q10-A-12|486236006000|1|750|72.912; 日野|2026090708|06|Q10-A-13|486246006000|1|750|72.913; 日野|2026090708|07|Q10-B-7|616236014000|1|500|72.908
496,3,日野|2026090708|07|Q10-B-5|616246010000|1|500|72.907; 日野|2026090708|07|Q10-D-23|617426014000|1|750|62.19; 日野|2026090708|07|Q10-D-25|617416014000|1|750|62.1901
497,2,KVC|2026090808|B7|C15-A-1|581167801100|1|830|313.7402; KVC|2026090808|B7|L12-D-8|537224207090|1|515|194.1302
498,2,日野|2026090808|07|Q10-A-24|631426010000|1|1000|72.916; 日野|2026090808|07|Q10-A-24|631426010000|1|1000|72.916
499,3,日野|2026090808|06|Q10-A-10|486216006000|1|750|72.91; 日野|2026090808|06|Q10-A-11|486226006000|1|750|72.911; 日野|2026090808|07|Q10-B-7|616236014000|1|500|72.908
500,3,日野|2026090808|07|Q10-B-5|616246010000|1|500|72.907; 日野|2026090808|07|Q10-D-25|617416014000|1|750|62.1901; 日野|2026090808|07|Q10-D-25|617416014000|1|750|62.1901
501,1,日野|2026090808|07|Q10-D-23|617426014000|1|750|62.19
502,3,織機|2026090808|28|C12-B-6|582114202000|1|550|346.5; 織機|2026090808|28|C15-A-3|583114214100|1|750|313.7401; 織機|2026090808|28|C15-A-3|583114214100|1|750|313.7401
503,1,日野|2026090908|07|Q10-A-24|631426010000|1|1000|72.916
504,3,日野|2026090908|06|Q10-A-10|486216006000|1|750|72.91; 日野|2026090908|06|Q10-A-12|486236006000|1|750|72.912; 日野|2026090908|07|Q10-B-7|616236014000|1|500|72.908
505,3,日野|2026090908|07|Q10-B-5|616246010000|1|500|72.907; 日野|2026090908|07|Q10-B-5|616246010000|1|500|72.907; 日野|2026090908|07|Q10-D-25|617416014000|1|750|62.1901
506,3,日野|2026090908|07|Q10-D-23|617426014000|1|750|62.19; 日野|2026090908|07|Q10-D-23|617426014000|1|750|62.19; 日野|2026090908|07|Q10-D-25|617416014000|1|750|62.1901
507,3,織機|2026090908|28|C12-B-6|582114202000|1|550|346.5; 織機|2026090908|28|C15-A-3|583114214100|1|750|313.7401; 織機|2026090908|28|C15-A-3|583114214100|1|750|313.7401
508,2,KVC|2026091008|B7|C15-A-1|581167801100|1|830|313.7402; KVC|2026091008|B7|L12-C-5|537214206090|1|515|194.1301
509,2,日野|2026091008|07|Q10-A-24|631426010000|1|1000|72.916; 日野|2026091008|07|Q10-A-24|631426010000|1|1000|72.916
510,3,日野|2026091008|06|Q10-A-10|486216006000|1|750|72.91; 日野|2026091008|06|Q10-A-13|486246006000|1|750|72.913; 日野|2026091008|07|Q10-A-30|631426011000|1|515|72.919
511,3,日野|2026091008|07|Q10-B-5|616246010000|1|500|72.907; 日野|2026091008|07|Q10-B-7|616236014000|1|500|72.908; 日野|2026091008|07|Q10-D-25|617416014000|1|750|62.1901
512,2,日野|2026091008|07|Q10-D-23|617426014000|1|750|62.19; 日野|2026091008|07|Q10-D-25|617416014000|1|750|62.1901
513,3,織機|2026091008|28|C12-B-6|582114202000|1|550|346.5; 織機|2026091008|28|C15-A-3|583114214100|1|750|313.7401; 織機|2026091008|28|C15-A-3|583114214100|1|750|313.7401
514,1,日野|2026091108|07|Q10-A-24|631426010000|1|1000|72.916
515,3,日野|2026091108|06|Q10-A-12|486236006000|1|750|72.912; 日野|2026091108|06|Q10-A-13|486246006000|1|750|72.913; 日野|2026091108|07|Q10-B-7|616236014000|1|500|72.908
516,3,日野|2026091108|07|Q10-B-5|616246010000|1|500|72.907; 日野|2026091108|07|Q10-D-25|617416014000|1|750|62.1901; 日野|2026091108|07|Q10-D-25|617416014000|1|750|62.1901
517,1,日野|2026091108|07|Q10-D-23|617426014000|1|750|62.19
518,1,KVC|2026082808|B3|C15-A-1|581167801100|1|830|313.7402
519,1,KVC|2026083108|B3|C15-A-1|581167801100|1|830|313.7402
520,2,日野|2026090708|07|Q10-B-23|5831160F1000|5|600|72.918; 日野|2026090808|07|Q10-B-23|5831160F1000|5|600|72.918
521,2,日野|2026090908|07|Q10-B-23|5831160F1000|5|600|72.918; 日野|2026091008|07|Q10-B-23|5831160F1000|5|600|72.918
522,2,日野|2026090908|07|Q10-A-27|5831160F4000|5|600|72.917; 日野|2026091008|07|Q10-A-27|5831160F4000|5|600|72.917
523,1,日野|2026091108|07|Q10-A-27|5831160F4000|5|600|72.917
524,2,織機|2026090708|21|Q9-A-5|551124202000|17|830|16.6501; 織機|2026090908|21|Q9-A-5|551124202000|17|830|16.6501
525,2,織機|2026090708|21|Q9-A-1|551124201000|17|830|16.65; 織機|2026091008|21|Q9-A-5|551124202000|17|830|16.6501
526,2,織機|2026090808|21|Q9-A-1|551124201000|17|830|16.65; 織機|2026090908|21|Q9-A-1|551124201000|17|830|16.65
527,2,織機|2026091008|21|Q9-A-1|551124201000|17|830|16.65; 織機|2026091108|21|Q9-A-1|551124201000|17|830|16.65
528,2,織機|2026090708|61|Q9-A-1|551124201000|17|830|16.65; 織機|2026090908|61|Q9-A-1|551124201000|17|830|16.65
529,4,日野|2026090708|07|Q10-B-1|617766003000|21|500|72.905; 日野|2026090708|07|Q10-B-B|617756003000|21|500|72.901; 日野|2026090708|W5|Q10-A-20|671466020000|21|500|72.914; 日野|2026090708|W5|Q10-A-22|671456020000|21|500|72.915
530,1,日野|2026090708|07|Q10-B-A|617766004000|21|500|72.9
531,1,日野|2026090808|07|Q10-B-1|617766003000|21|500|72.905
532,4,日野|2026090908|07|Q10-B-1|617766003000|21|500|72.905; 日野|2026090908|07|Q10-B-3|617756002000|21|500|72.906; 日野|2026090908|W5|Q10-A-20|671466020000|21|500|72.914; 日野|2026090908|W5|Q10-A-22|671456020000|21|500|72.915
533,4,日野|2026091008|07|Q10-B-3|617756002000|21|500|72.906; 日野|2026091008|W5|Q10-A-20|671466020000|21|500|72.914; 日野|2026091008|W5|Q10-A-20|671466020000|21|500|72.914; 日野|2026091008|W5|Q10-A-22|671456020000|21|500|72.915
534,1,日野|2026091008|07|Q10-B-1|617766003000|21|500|72.905
535,3,日野|2026091108|07|Q10-B-3|617756002000|21|500|72.906; 日野|2026091108|W5|Q10-A-20|671466020000|21|500|72.914; 日野|2026091108|W5|Q10-A-22|671456020000|21|500|72.915
536,3,日野|2026090709|06|Q10-A-11|486226006000|1|750|72.911; 日野|2026090709|06|Q10-A-12|486236006000|1|750|72.912; 日野|2026090709|06|Q10-A-13|486246006000|1|750|72.913
537,3,日野|2026090709|06|Q10-A-10|486216006000|1|750|72.91; 日野|2026090709|07|Q10-B-5|616246010000|1|500|72.907; 日野|2026090709|07|Q10-D-25|617416014000|1|750|62.1901
538,3,日野|2026090809|06|Q10-A-11|486226006000|1|750|72.911; 日野|2026090809|06|Q10-A-12|486236006000|1|750|72.912; 日野|2026090809|06|Q10-A-13|486246006000|1|750|72.913
539,2,KVC|2026090909|B7|C15-A-1|581167801100|1|830|313.7402; KVC|2026090909|B7|L12-D-8|537224207090|1|515|194.1302
540,2,日野|2026090909|07|Q10-A-24|631426010000|1|1000|72.916; 日野|2026090909|07|Q10-A-24|631426010000|1|1000|72.916
541,3,日野|2026090909|06|Q10-A-11|486226006000|1|750|72.911; 日野|2026090909|06|Q10-A-13|486246006000|1|750|72.913; 日野|2026090909|07|Q10-B-7|616236014000|1|500|72.908
542,3,日野|2026090909|07|Q10-D-23|617426014000|1|750|62.19; 日野|2026090909|07|Q10-D-25|617416014000|1|750|62.1901; 日野|2026090909|07|Q10-D-25|617416014000|1|750|62.1901
543,3,日野|2026091009|06|Q10-A-10|486216006000|1|750|72.91; 日野|2026091009|06|Q10-A-11|486226006000|1|750|72.911; 日野|2026091009|06|Q10-A-12|486236006000|1|750|72.912
544,3,日野|2026091009|07|Q10-B-7|616236014000|1|500|72.908; 日野|2026091009|07|Q10-D-23|617426014000|1|750|62.19; 日野|2026091009|07|Q10-D-25|617416014000|1|750|62.1901
545,1,日野|2026090809|07|Q10-A-24|631426010000|1|1000|72.916
546,2,日野|2026090809|07|Q10-B-23|5831160F1000|5|600|72.918; 日野|2026090909|07|Q10-B-23|5831160F1000|5|600|72.918
547,2,日野|2026090709|07|Q10-A-27|5831160F4000|5|600|72.917; 日野|2026091009|07|Q10-B-23|5831160F1000|5|600|72.918
548,2,日野|2026090809|07|Q10-A-27|5831160F4000|5|600|72.917; 日野|2026090909|07|Q10-A-27|5831160F4000|5|600|72.917
549,1,日野|2026091009|07|Q10-A-27|5831160F4000|5|600|72.917
550,2,TMK|2026090809|B7|Q9-A-5|551124202000|17|830|16.6501; TMK|2026090909|B7|Q9-A-5|551124202000|17|830|16.6501
551,2,TMK|2026091009|B7|Q9-A-5|551124202000|17|830|16.6501; TMK|2026091109|B7|Q9-A-5|551124202000|17|830|16.6501
552,4,日野|2026090809|07|Q10-B-3|617756002000|21|500|72.906; 日野|2026090809|W5|Q10-A-20|671466020000|21|500|72.914; 日野|2026090809|W5|Q10-A-20|671466020000|21|500|72.914; 日野|2026090809|W5|Q10-A-22|671456020000|21|500|72.915
553,2,日野|2026091009|W5|Q10-A-20|671466020000|21|500|72.914; 日野|2026091009|W5|Q10-A-22|671456020000|21|500|72.915
554,1,KVC|2026091010|B7|L12-D-8|537224207090|1|515|194.1302
555,3,日野|2026090710|06|Q10-A-10|486216006000|1|750|72.91; 日野|2026090710|06|Q10-A-11|486226006000|1|750|72.911; 日野|2026090710|06|Q10-A-13|486246006000|1|750|72.913
556,2,KVC|2026090810|B7|C15-A-1|581167801100|1|830|313.7402; KVC|2026090810|B7|L12-D-8|537224207090|1|515|194.1302
557,3,日野|2026090810|06|Q10-A-10|486216006000|1|750|72.91; 日野|2026090810|06|Q10-A-11|486226006000|1|750|72.911; 日野|2026090810|06|Q10-A-12|486236006000|1|750|72.912
558,2,KVC|2026090910|B7|C15-A-1|581167801100|1|830|313.7402; KVC|2026090910|B7|L12-C-5|537214206090|1|515|194.1301
559,3,日野|2026090910|06|Q10-A-11|486226006000|1|750|72.911; 日野|2026090910|06|Q10-A-12|486236006000|1|750|72.912; 日野|2026090910|06|Q10-A-13|486246006000|1|750|72.913
560,3,日野|2026090910|06|Q10-A-10|486216006000|1|750|72.91; 日野|2026090910|07|Q10-B-5|616246010000|1|500|72.907; 日野|2026090910|07|Q10-D-23|617426014000|1|750|62.19
561,3,日野|2026091010|06|Q10-A-11|486226006000|1|750|72.911; 日野|2026091010|06|Q10-A-12|486236006000|1|750|72.912; 日野|2026091010|06|Q10-A-13|486246006000|1|750|72.913
562,3,日野|2026091010|06|Q10-A-10|486216006000|1|750|72.91; 日野|2026091010|07|Q10-B-5|616246010000|1|500|72.907; 日野|2026091010|07|Q10-D-25|617416014000|1|750|62.1901
563,1,KVC|2026091110|B7|L12-C-5|537214206090|1|515|194.1301
564,1,日野|2026090710|07|Q10-A-24|631426010000|1|1000|72.916
565,1,日野|2026091010|07|Q10-D-23|617426014000|1|750|62.19
566,1,日野|2026090810|07|Q10-B-1|617766003000|21|500|72.905
567,2,日野|2026090710|07|Q10-B-1|617766003000|21|500|72.905; 日野|2026090710|W5|Q10-A-20|671466020000|21|500|72.914
568,3,日野|2026090711|06|Q10-A-10|486216006000|1|750|72.91; 日野|2026090711|06|Q10-A-12|486236006000|1|750|72.912; 日野|2026090711|07|Q10-B-7|616236014000|1|500|72.908
569,3,日野|2026090711|07|Q10-B-5|616246010000|1|500|72.907; 日野|2026090711|07|Q10-D-25|617416014000|1|750|62.1901; 日野|2026090711|07|Q10-D-25|617416014000|1|750|62.1901
570,3,日野|2026090811|06|Q10-A-10|486216006000|1|750|72.91; 日野|2026090811|06|Q10-A-13|486246006000|1|750|72.913; 日野|2026090811|07|Q10-B-7|616236014000|1|500|72.908
571,3,日野|2026090811|07|Q10-B-5|616246010000|1|500|72.907; 日野|2026090811|07|Q10-D-23|617426014000|1|750|62.19; 日野|2026090811|07|Q10-D-25|617416014000|1|750|62.1901
572,3,日野|2026090911|06|Q10-A-11|486226006000|1|750|72.911; 日野|2026090911|06|Q10-A-12|486236006000|1|750|72.912; 日野|2026090911|06|Q10-A-13|486246006000|1|750|72.913
573,4,日野|2026090911|06|Q10-A-10|486216006000|1|750|72.91; 日野|2026090911|07|Q10-A-7|631436012000|1|515|72.909; 日野|2026090911|07|Q10-B-5|616246010000|1|500|72.907; 日野|2026090911|07|Q10-B-7|616236014000|1|500|72.908
574,3,日野|2026090911|07|Q10-D-23|617426014000|1|750|62.19; 日野|2026090911|07|Q10-D-25|617416014000|1|750|62.1901; 日野|2026090911|07|Q10-D-25|617416014000|1|750|62.1901
575,3,日野|2026091011|06|Q10-A-11|486226006000|1|750|72.911; 日野|2026091011|06|Q10-A-13|486246006000|1|750|72.913; 日野|2026091011|07|Q10-B-7|616236014000|1|500|72.908
576,3,日野|2026091011|07|Q10-B-5|616246010000|1|500|72.907; 日野|2026091011|07|Q10-D-23|617426014000|1|750|62.19; 日野|2026091011|07|Q10-D-25|617416014000|1|750|62.1901
577,1,日野|2026091011|07|Q10-A-24|631426010000|1|1000|72.916
578,2,日野|2026090711|07|Q10-B-23|5831160F1000|5|600|72.918; 日野|2026090911|07|Q10-B-23|5831160F1000|5|600|72.918
579,2,日野|2026090711|07|Q10-A-27|5831160F4000|5|600|72.917; 日野|2026091011|07|Q10-B-23|5831160F1000|5|600|72.918
580,2,日野|2026090811|07|Q10-A-27|5831160F4000|5|600|72.917; 日野|2026090911|07|Q10-A-27|5831160F4000|5|600|72.917
581,1,日野|2026091011|07|Q10-A-27|5831160F4000|5|600|72.917
582,4,日野|2026090711|07|Q10-B-1|617766003000|21|500|72.905; 日野|2026090711|07|Q10-B-3|617756002000|21|500|72.906; 日野|2026090711|W5|Q10-A-20|671466020000|21|500|72.914; 日野|2026090711|W5|Q10-A-22|671456020000|21|500|72.915
583,4,日野|2026090911|07|Q10-B-3|617756002000|21|500|72.906; 日野|2026090911|W5|Q10-A-20|671466020000|21|500|72.914; 日野|2026090911|W5|Q10-A-22|671456020000|21|500|72.915; 日野|2026090911|W5|Q10-A-22|671456020000|21|500|72.915
584,2,日野|2026090911|07|Q10-B-1|617766003000|21|500|72.905; 日野|2026091011|07|Q10-B-A|617766004000|21|500|72.9
585,4,日野|2026091011|07|Q10-B-1|617766003000|21|500|72.905; 日野|2026091011|07|Q10-B-3|617756002000|21|500|72.906; 日野|2026091011|W5|Q10-A-20|671466020000|21|500|72.914; 日野|2026091011|W5|Q10-A-22|671456020000|21|500|72.915
586,3,日野|2026090712|06|Q10-A-11|486226006000|1|750|72.911; 日野|2026090712|06|Q10-A-13|486246006000|1|750|72.913; 日野|2026090712|07|Q10-B-7|616236014000|1|500|72.908
587,3,日野|2026090712|07|Q10-D-23|617426014000|1|750|62.19; 日野|2026090712|07|Q10-D-23|617426014000|1|750|62.19; 日野|2026090712|07|Q10-D-25|617416014000|1|750|62.1901
588,3,日野|2026090812|06|Q10-A-11|486226006000|1|750|72.911; 日野|2026090812|06|Q10-A-12|486236006000|1|750|72.912; 日野|2026090812|06|Q10-A-13|486246006000|1|750|72.913
589,3,日野|2026090812|07|Q10-B-5|616246010000|1|500|72.907; 日野|2026090812|07|Q10-B-7|616236014000|1|500|72.908; 日野|2026090812|07|Q10-D-25|617416014000|1|750|62.1901
590,3,日野|2026090912|06|Q10-A-10|486216006000|1|750|72.91; 日野|2026090912|06|Q10-A-12|486236006000|1|750|72.912; 日野|2026090912|07|Q10-B-7|616236014000|1|500|72.908
591,3,日野|2026090912|07|Q10-D-23|617426014000|1|750|62.19; 日野|2026090912|07|Q10-D-25|617416014000|1|750|62.1901; 日野|2026091012|07|Q10-A-24|631426010000|1|1000|72.916
592,3,日野|2026091012|06|Q10-A-10|486216006000|1|750|72.91; 日野|2026091012|06|Q10-A-12|486236006000|1|750|72.912; 日野|2026091012|06|Q10-A-13|486246006000|1|750|72.913
593,3,日野|2026091012|07|Q10-B-7|616236014000|1|500|72.908; 日野|2026091012|07|Q10-D-23|617426014000|1|750|62.19; 日野|2026091012|07|Q10-D-25|617416014000|1|750|62.1901
594,1,日野|2026090712|07|Q10-A-24|631426010000|1|1000|72.916
595,1,日野|2026090812|07|Q10-A-24|631426010000|1|1000|72.916
596,2,日野|2026090712|07|Q10-B-23|5831160F1000|5|600|72.918; 日野|2026090812|07|Q10-B-23|5831160F1000|5|600|72.918
597,2,日野|2026090812|07|Q10-A-27|5831160F4000|5|600|72.917; 日野|2026091012|07|Q10-A-27|5831160F4000|5|600|72.917
598,4,日野|2026091012|07|Q10-B-1|617766003000|21|500|72.905; 日野|2026091012|07|Q10-B-B|617756003000|21|500|72.901; 日野|2026091012|W5|Q10-A-20|671466020000|21|500|72.914; 日野|2026091012|W5|Q10-A-22|671456020000|21|500|72.915
599,3,日野|2026090712|07|Q10-B-1|617766003000|21|500|72.905; 日野|2026090712|W5|Q10-A-20|671466020000|21|500|72.914; 日野|2026090712|W5|Q10-A-22|671456020000|21|500|72.915
600,3,日野|2026090713|06|Q10-A-11|486226006000|1|750|72.911; 日野|2026090713|06|Q10-A-12|486236006000|1|750|72.912; 日野|2026090713|06|Q10-A-13|486246006000|1|750|72.913
601,4,日野|2026090713|06|Q10-A-10|486216006000|1|750|72.91; 日野|2026090713|07|Q10-B-5|616246010000|1|500|72.907; 日野|2026090713|07|Q10-B-7|616236014000|1|500|72.908; 日野|2026090713|07|Q10-B-7|616236014000|1|500|72.908
602,3,日野|2026090713|07|Q10-D-23|617426014000|1|750|62.19; 日野|2026090713|07|Q10-D-25|617416014000|1|750|62.1901; 日野|2026090913|07|Q10-A-24|631426010000|1|1000|72.916
603,3,日野|2026090813|06|Q10-A-10|486216006000|1|750|72.91; 日野|2026090813|07|Q10-B-5|616246010000|1|500|72.907; 日野|2026090813|07|Q10-D-25|617416014000|1|750|62.1901
604,3,日野|2026090813|07|Q10-A-24|631426010000|1|1000|72.916; 日野|2026090813|07|Q10-D-23|617426014000|1|750|62.19; 日野|2026090813|07|Q10-D-23|617426014000|1|750|62.19
605,3,日野|2026090913|06|Q10-A-11|486226006000|1|750|72.911; 日野|2026090913|06|Q10-A-13|486246006000|1|750|72.913; 日野|2026090913|07|Q10-B-7|616236014000|1|500|72.908
606,3,日野|2026090913|07|Q10-B-5|616246010000|1|500|72.907; 日野|2026090913|07|Q10-D-23|617426014000|1|750|62.19; 日野|2026090913|07|Q10-D-25|617416014000|1|750|62.1901
607,3,日野|2026091013|06|Q10-A-10|486216006000|1|750|72.91; 日野|2026091013|06|Q10-A-11|486226006000|1|750|72.911; 日野|2026091013|06|Q10-A-12|486236006000|1|750|72.912
608,4,日野|2026091013|07|Q10-A-7|631436012000|1|515|72.909; 日野|2026091013|07|Q10-B-5|616246010000|1|500|72.907; 日野|2026091013|07|Q10-B-7|616236014000|1|500|72.908; 日野|2026091013|07|Q10-D-25|617416014000|1|750|62.1901
609,1,日野|2026091013|07|Q10-D-23|617426014000|1|750|62.19
610,2,日野|2026090813|07|Q10-B-23|5831160F1000|5|600|72.918; 日野|2026090913|07|Q10-B-23|5831160F1000|5|600|72.918
611,2,日野|2026090713|07|Q10-A-27|5831160F4000|5|600|72.917; 日野|2026091013|07|Q10-B-23|5831160F1000|5|600|72.918
612,1,日野|2026090913|07|Q10-A-27|5831160F4000|5|600|72.917
613,4,日野|2026090713|07|Q10-B-3|617756002000|21|500|72.906; 日野|2026090713|W5|Q10-A-20|671466020000|21|500|72.914; 日野|2026090713|W5|Q10-A-22|671456020000|21|500|72.915; 日野|2026090713|W5|Q10-A-22|671456020000|21|500|72.915
614,2,日野|2026090713|07|Q10-B-B|617756003000|21|500|72.901; 日野|2026090913|07|Q10-B-B|617756003000|21|500|72.901
615,4,日野|2026090813|07|Q10-B-3|617756002000|21|500|72.906; 日野|2026090813|07|Q10-B-A|617766004000|21|500|72.9; 日野|2026090813|W5|Q10-A-20|671466020000|21|500|72.914; 日野|2026090813|W5|Q10-A-22|671456020000|21|500|72.915
616,4,日野|2026090913|07|Q10-B-1|617766003000|21|500|72.905; 日野|2026090913|07|Q10-B-3|617756002000|21|500|72.906; 日野|2026090913|W5|Q10-A-20|671466020000|21|500|72.914; 日野|2026090913|W5|Q10-A-22|671456020000|21|500|72.915
617,3,日野|2026090714|06|Q10-A-10|486216006000|1|750|72.91; 日野|2026090714|06|Q10-A-12|486236006000|1|750|72.912; 日野|2026090714|06|Q10-A-13|486246006000|1|750|72.913
618,3,日野|2026090814|06|Q10-A-10|486216006000|1|750|72.91; 日野|2026090814|06|Q10-A-11|486226006000|1|750|72.911; 日野|2026090814|06|Q10-A-12|486236006000|1|750|72.912
619,3,日野|2026090814|07|Q10-B-7|616236014000|1|500|72.908; 日野|2026090814|07|Q10-D-23|617426014000|1|750|62.19; 日野|2026090814|07|Q10-D-25|617416014000|1|750|62.1901
620,3,日野|2026090914|06|Q10-A-11|486226006000|1|750|72.911; 日野|2026090914|06|Q10-A-12|486236006000|1|750|72.912; 日野|2026090914|06|Q10-A-13|486246006000|1|750|72.913
621,3,日野|2026090714|07|Q10-A-24|631426010000|1|1000|72.916; 日野|2026090914|06|Q10-A-10|486216006000|1|750|72.91; 日野|2026090914|07|Q10-D-23|617426014000|1|750|62.19
622,3,日野|2026091014|06|Q10-A-11|486226006000|1|750|72.911; 日野|2026091014|06|Q10-A-12|486236006000|1|750|72.912; 日野|2026091014|06|Q10-A-13|486246006000|1|750|72.913
623,3,日野|2026090914|07|Q10-A-24|631426010000|1|1000|72.916; 日野|2026091014|06|Q10-A-10|486216006000|1|750|72.91; 日野|2026091014|07|Q10-D-25|617416014000|1|750|62.1901
624,2,日野|2026090714|07|Q10-B-23|5831160F1000|5|600|72.918; 日野|2026090814|07|Q10-A-27|5831160F4000|5|600|72.917
625,1,日野|2026091014|07|Q10-A-27|5831160F4000|5|600|72.917
626,2,日野|2026090714|07|Q10-A-1|631496003000|11|600|72.903; 日野|2026090714|07|Q10-A-3|631486005000|11|600|72.904
627,1,日野|2026091014|07|Q10-B-1|617766003000|21|500|72.905
