便,_role_class,パレット数,納入先数,納入先一覧,ローカル山数,Max移動工数,Min移動工数,入車一覧,入車個数
2026081901,1,3,1,KVC,2,313.7402,313.7400,06:45/18:46,2
2026081903,1,4,1,KVC,2,313.7402,194.1301,10:51/22:41,2
2026081904,1,4,1,KVC,2,313.7402,194.1301,06:45/10:51,2
2026081905,1,4,1,KVC,2,313.7402,194.1301,06:45/14:40,2
2026082002,1,2,1,KVC,1,313.7402,313.7402,06:45/18:46,2
2026082003,1,4,1,KVC,2,313.7402,194.1301,10:51/22:41,2
2026082004,1,4,1,KVC,2,313.7402,194.1301,06:45/10:51,2
2026082006,1,5,1,KVC,2,346.5000,194.1301,10:51/14:40,2
2026082101,1,3,1,KVC,1,313.7402,194.1301,06:45/18:46,2
2026082102,1,3,1,KVC,1,313.7402,194.1302,06:45/18:46,2
2026082104,1,4,1,KVC,2,313.7402,194.1301,06:45/10:51,2
2026082105,1,5,1,KVC,2,346.5000,194.1301,06:45/14:40,2
2026082106,1,4,1,KVC,2,313.7402,194.1301,10:51/14:40,2
2026082401,1,7,2,KVC/元町,3,313.7402,168.3905,06:45/18:46/22:59,3
2026082402,1,4,2,KVC/元町,2,313.7402,168.3904,06:45/07:28,2
2026082403,1,5,1,KVC,2,313.7402,194.1301,10:51/22:41,2
2026082404,1,5,1,KVC,2,346.5000,194.1301,06:45/10:51,2
2026082406,1,2,1,KVC,1,313.7402,313.7402,10:51/14:40,2
2026082501,1,5,2,KVC/高岡,2,313.7402,194.1301,06:45/18:46/22:59,3
2026082502,1,8,2,KVC/高岡,3,313.7402,194.1301,06:45/18:46,2
2026082503,1,7,2,KVC/高岡,2,346.5000,194.1301,10:51/22:41,2
2026082504,1,5,2,KVC/高岡,2,313.7402,194.1301,10:51/14:40,2
2026082505,1,4,1,KVC,2,313.7402,194.1301,06:45/14:40,2
2026082506,1,3,1,KVC,1,313.7402,194.1302,10:51/14:40,2
2026082601,1,6,2,KVC/高岡,2,313.7402,194.1301,06:45/18:46/22:59,3
2026082602,1,8,2,KVC/高岡,3,346.5000,194.1301,06:45/18:46,2
2026082604,1,10,3,KVC/元町/高岡,3,313.7402,153.5400,06:45/10:51/14:40/17:18,4
2026082606,1,4,1,KVC,2,313.7402,194.1301,10:51/14:40,2
2026082701,1,6,2,KVC/高岡,2,346.5000,194.1301,06:45/18:46/22:59,3
2026082702,1,7,3,KVC/元町/高岡,3,313.7402,168.3904,06:45/07:28/18:46,3
2026082703,1,9,3,KVC/元町/高岡,3,313.7402,194.1300,10:51/12:21/22:41,3
2026082704,1,3,3,KVC/元町/高岡,1,313.7401,153.5401,10:51/14:40/17:18,3
2026082705,1,4,1,KVC,2,313.7402,194.1301,06:45/14:40,2
2026082706,1,6,1,KVC,2,346.5000,194.1301,10:51/14:40,2
2026082801,1,7,2,KVC/高岡,2,313.7402,194.1301,06:45/18:46/22:59,3
2026082802,1,5,2,KVC/高岡,2,313.7402,194.1301,06:45/18:46,2
2026082803,1,6,2,KVC/高岡,2,313.7402,194.1301,10:51/22:41,2
2026082804,1,4,2,KVC/高岡,2,313.7402,194.1301,10:51/14:40,2
2026082805,1,5,1,KVC,2,346.5000,194.1301,06:45/14:40,2
2026082806,1,4,1,KVC,2,313.7402,194.1301,10:51/14:40,2
2026083101,1,7,3,KVC/元町/高岡,3,313.7402,168.3905,06:45/18:46/22:59,3
2026083103,1,5,2,KVC/高岡,2,313.7402,194.1301,10:51/22:41,2
2026083104,1,8,3,KVC/元町/高岡,3,346.5000,168.3904,06:45/10:51/14:40/17:18,4
2026083105,1,3,2,KVC/高岡,1,313.7400,194.1301,14:40/18:46,2
2026083106,1,3,1,KVC,1,313.7402,194.1302,10:51/14:40,2
2026090103,1,5,2,元町/高岡,2,313.7401,153.5400,10:51/12:21,2
2026090204,1,3,2,元町/高岡,1,313.7401,153.5401,14:40/17:18,2
2026090302,1,3,2,元町/高岡,1,313.7400,168.3904,06:45/07:28,2
2026090403,1,2,2,元町/高岡,1,313.7401,194.1300,10:51/12:21,2
2026090404,1,3,2,元町/高岡,1,313.7401,194.1301,14:40/17:18,2
2026090501,1,15,3,元町/日野/織機,6,346.5000,62.1900,17:00/22:59/23:35,3
2026090502,1,12,3,日野/織機/高岡,5,313.7401,62.1900,01:00/06:45/18:30,3
2026090503,1,8,3,日野/織機/高岡,4,313.7401,62.1900,08:30/10:51/19:27,3
2026090504,1,10,2,日野/織機,4,313.7401,62.1900,10:30/21:15,2
2026090701,1,9,3,日野/織機/高岡,3,346.5000,72.9100,17:00/22:59/23:35,3
2026090702,1,13,4,元町/日野/織機/高岡,5,313.7401,62.1900,01:00/06:45/07:28/18:30,4
2026090702,21,8,2,三栄/日野,2,72.9150,62.1110,11:25/18:30,2
2026090703,1,7,4,元町/日野/織機/高岡,3,313.7401,72.9070,08:30/10:51/12:21/19:27,4
2026090703,21,5,2,三栄/日野,2,72.9140,62.1110,17:30/19:27,2
2026090704,1,11,3,日野/織機/高岡,4,313.7401,62.1900,10:30/14:40/21:15,3
2026090704,21,4,2,三栄/日野,1,72.9060,62.1110,21:15/22:00,2
2026090705,1,14,3,日野/織機/高岡,5,346.5000,62.1900,12:30/18:46/22:18,3
2026090706,1,13,2,日野/織機,5,313.7401,62.1900,16:00/23:50,2
2026090707,1,4,2,日野/織機,2,313.7401,62.1901,01:22/18:15,2
2026090708,1,9,2,日野/織機,4,313.7401,62.1900,06:29/20:35,2
2026090801,1,13,4,KVC/三栄/日野/織機,5,346.5000,16.6502,06:45/07:10/17:00/23:35,4
2026090802,1,13,4,KVC/日野/織機/高岡,5,313.7401,62.1900,01:00/06:45/18:30,3
2026090803,1,10,4,KVC/日野/織機/高岡,4,313.7402,62.1900,08:30/10:51/19:27,3
2026090804,1,14,5,KVC/元町/日野/織機/高岡,5,313.7402,62.1900,10:30/10:51/14:40/17:18/21:15,5
2026090805,1,14,4,KVC/日野/織機/高岡,6,346.5000,62.1900,12:30/14:40/18:46/22:18,4
2026090806,1,13,3,KVC/日野/織機,5,346.5000,62.1900,14:40/16:00/23:50,3
2026090807,1,6,3,KVC/日野/織機,2,313.7401,62.1900,01:22/18:15/18:46,3
2026090808,1,14,3,KVC/日野/織機,5,346.5000,62.1900,06:29/18:46/20:35,3
2026090809,1,9,2,KVC/日野,4,194.1301,62.1900,07:55/22:41,2
2026090810,1,7,2,KVC/日野,3,313.7402,62.1900,09:25/22:41,2
2026090901,1,16,4,KVC/三栄/日野/織機,7,313.7401,16.6502,06:45/07:10/17:00/23:35,4
2026090902,1,14,4,KVC/日野/織機/高岡,6,313.7402,62.1900,01:00/06:45/18:30/18:46,4
2026090903,1,7,3,KVC/日野/織機,3,313.7402,62.1900,08:30/19:27/22:41,3
2026090904,1,14,3,KVC/日野/織機,6,346.5000,62.1900,10:30/10:51/21:15,3
2026090905,1,11,2,KVC/日野,4,313.7402,62.1900,06:45/14:40/22:18,3
2026090906,1,9,2,KVC/日野,3,313.7402,62.1900,10:51/14:40/23:50,3
2026090907,1,5,2,KVC/日野,2,313.7402,72.9100,01:22/18:46,2
2026090908,1,12,2,KVC/日野,5,313.7402,62.1900,06:29/14:40/18:46,3
2026090909,1,11,2,KVC/日野,5,313.7402,62.1900,07:55/22:41,2
2026090910,1,8,2,KVC/日野,3,313.7402,62.1900,09:25/22:41,2
2026091001,1,2,1,KVC,1,313.7402,194.1302,06:45/18:46,2
2026091003,1,3,1,KVC,1,346.5000,194.1302,10:51/22:41,2
2026091004,1,3,1,KVC,1,313.7402,194.1301,06:45/10:51,2
2026091006,1,3,1,KVC,1,313.7402,194.1301,10:51/14:40,2
